San,Fen,UCI
Bxf6,1rbq1rk1/1p1n1p1p/p2ppbp1/6B1/3NP3/6P1/PPP2PBP/R2QR1K1 w - - 0 13,g5f6
Ne6,3n1r2/1p1b4/p1p4k/2Pp1p1N/PP1PrNpP/8/1R3KP1/3R4 b - - 3 38,d8e6
Nxe6+,7r/2p3kr/1p1pp1p1/3Pq1p1/1PPN1pP1/3Q1B1P/5nK1/7R w - - 0 32,d4e6
Nbd7,rn1qkb1r/pp3ppp/2p1pn2/8/2B1N3/5Q1P/PPPP1PP1/R1B2RK1 b kq - 1 8,b8d7
O-O,r2qk2r/p2p1ppp/1pb1pn2/8/1b2P3/1PNB4/PBP2PPP/R2QK2R w KQkq - 2 10,e1g1
Ne4+,5r2/6k1/3p4/p1n1pq2/2Pp2pB/1P3P2/P3QKP1/3R4 b - - 3 36,c5e4
a6,r2qkbnr/pp1b2pp/2n1p3/3pPp2/3P1P2/2N2N2/PP4PP/R1BQKB1R b KQkq - 3 8,a7a6
g5,r1b1kb1r/5ppp/2p1pq2/2Pp4/1P3B2/2N5/P2QPKPP/R4B1R b kq - 0 12,g7g5
Kd7,2R5/1PK5/8/3k4/8/8/8/2r5 w - - 6 65,c7d7
Rc8,r2q1rk1/pp1bbpp1/2n1p2p/3pP3/5N2/3Q1NB1/PPP2PPP/R3R1K1 b - - 2 14,a8c8
Bb3,r3r1k1/ppp2pp1/1bp4p/4n3/2B1P3/6B1/PPP2PPP/R3R1K1 w - - 3 17,c4b3
Kg1,4rk2/4r1pp/1pp2p2/p2p4/P2P4/2PNR2P/1P1n1PP1/4RK2 w - - 2 26,f1g1
c4,r3kb1r/ppp1pppp/2nq1n2/5b2/3P4/5N2/PPP1BPPP/RNBQ1RK1 w kq - 5 7,c2c4
dxc4,r1bqk2r/ppp1bp1p/2n3pQ/3p2N1/2Bp4/2P5/P1P2PPP/R1B2RK1 b kq - 1 10,d5c4
Bxg7,r3k2r/pb3pp1/1pn1pB2/3q3p/3p2N1/P1PB4/2P1Q1PP/R4RK1 w kq - 0 15,f6g7
Be6,r2qk2r/pp2bppp/1np2n2/6B1/3P2b1/2N1QN2/PPP3PP/2K1RB1R b kq - 7 13,g4e6
Qxd6,r1b2rk1/pp2qpb1/1n1Qp1pp/4P3/4N3/1B3N2/PP3PPP/R3R1K1 b - - 3 17,e7d6
Rb8,r1b4r/1pq1kp2/p3pp2/4b3/8/1BP2QPp/PPN2P1K/3RR3 b - - 2 21,a8b8
Qxd5,r4rk1/2p1b2p/p1p1p3/2PqB1p1/3P2n1/1Q2P2P/P5P1/1RR3K1 w - - 0 24,b3d5
Kg5,8/8/5k2/3KNp2/4p2p/6pP/6P1/8 b - - 5 40,f6g5
O-O,r2qk2r/p4ppp/2p1pn2/3p1b2/1b1P1B2/2N1PN2/PP3PPP/R2QK2R w KQkq - 0 10,e1g1
e5,8/4p1kp/3n1bp1/8/2PB4/1P6/r5PP/2KR1R2 b - - 3 32,e7e5
e3,rnbq1rk1/ppp1ppbp/3p1np1/6B1/2PP4/2N2N2/PP2PPPP/R2QKB1R w KQ - 2 6,e2e3
e6,r1bqr1k1/1p1nppbp/p2p1np1/2pP4/P3PP2/2N2N1P/1PP1B1P1/R1BQ1RK1 b - - 0 10,e7e6
g6,2kr2nr/ppp4p/2nq1p2/6P1/3PPp2/2P5/P2B1P2/R2QKB1R w KQ - 0 14,g5g6
b6,r2qr1k1/1p1n1ppp/n1p1bb2/p1Pp4/3P4/PPN1BN1P/4BPP1/2RQR1K1 b - - 0 16,b7b6
b6,r1bq1rk1/pp3p1p/6p1/2np4/3Q4/P5P1/R1P1PPBP/1N3RK1 b - - 0 14,b7b6
h5,1K6/1p2rpkp/p5p1/P7/R1p5/8/2P5/8 b - - 1 43,h7h5
Re1,r4rk1/pp3ppp/2nqpn2/3p1b2/3P4/2P2N2/PP1NBPPP/R2Q1RK1 w - - 1 11,f1e1
Rd1+,3r4/2R5/4pk2/7p/P1n5/7P/8/7K b - - 2 48,d8d1
Kd6,3r4/ppk3b1/6Np/2nbpBpP/3p4/5P2/PP2P3/1KR3R1 b - - 3 25,c7d6
Ng5,rr2n1kb/3b1p1p/1q1p2pB/pNpP4/1nP5/R4N1P/1P1QBPP1/R5K1 w - - 4 21,f3g5
Rd8,rq3rk1/pb2bppp/1pnppn2/8/2P2Q2/1PN2NP1/PB2PPBP/R2R2K1 b - - 3 12,f8d8
h5,7k/4rq1p/Q1pb3p/3p4/3P1pR1/2P2P1P/2B2PK1/8 b - - 1 33,h6h5
Rd5,8/p4ppk/1q1Np2p/2r1n3/1P6/Q6P/1P3PP1/3R2K1 b - - 0 31,c5d5
Kf1,5bk1/3r1pp1/pprpp2p/7P/2P5/1P3PP1/PB3P2/2RR2K1 w - - 0 30,g1f1
Qc7,r1bqk2r/1p1nbppp/p1npp3/6P1/3NP2P/2N1B3/PPP1BP2/R2QK2R b KQkq - 0 10,d8c7
Kb4,8/r5p1/P7/6k1/R5P1/1K6/6P1/8 w - - 1 45,b3b4
fxe6,b2r1rk1/4bpp1/p3P3/q4n1p/2P2P2/5NPP/P1Q2BB1/R3R1K1 b - - 0 22,f7e6
Rxe2,4rk1r/1pp3pp/p2b1n2/5Q2/PqnP4/8/4NPPP/R1B2RK1 b - - 2 25,e8e2
Qf7,r3k2r/1pp1q1p1/p1nppn1p/4p3/4P2N/2PPN2P/PP3PP1/R2Q1RK1 b kq - 3 14,e7f7
gxf6,2k1r3/1p3pp1/p1p2B2/2Nb4/1P5p/1PP2PbP/3Nr1P1/R2R2K1 b - - 0 26,g7f6
Be3,2kr3r/pp2b1p1/2p1Ppp1/2n5/4n1P1/1B3N1P/PPPBN3/R1K4R w - - 3 20,d2e3
Rfe1,2r1qrk1/1bp3b1/p2p1npp/1p1Pp3/1P2P3/3B1N1P/P3QPPB/3R1RK1 w - - 0 23,f1e1
Be7,2r3rk/p6p/1p1B1p2/3P4/8/1P4P1/P4bBP/3R3K w - - 0 28,d6e7
exd5,rnbq1rk1/ppp2ppp/4pn2/3P4/3P4/P1P2P2/4P1PP/R1BQKBNR b KQ - 0 7,e6d5
Bh3,r1rq2k1/1p3p1p/3p1np1/3Pp3/bP2P3/6P1/3NQPBP/1RR3K1 w - - 0 23,g2h3
Nxd7,7k/1pqr1p1p/p3pPr1/2p1N1p1/P7/1P1P2QP/2P2RPK/8 w - - 5 31,e5d7
c5,r1r5/p3nkpp/1qp1pp2/3pPb2/1Q1P4/P1B2N2/1P3PPP/R3R1K1 b - - 5 16,c6c5
Nd2,r1b1r1k1/p4pbp/3p1np1/2nPp3/1q2P3/2N1BNPP/1PQ2PB1/R4RK1 w - - 2 16,f3d2
Nbd7,rn3rk1/ppp2ppp/q3pn2/4Q3/3P4/P1B2N2/1PP2PPP/R4RK1 b - - 2 12,b8d7
Qxc2,5r1k/5pp1/2p1qb1p/1p2p3/4P3/3PB1RP/1Pn3PK/3Q4 w - - 0 28,d1c2
Be6,r2q1rk1/ppp3bp/6p1/4p3/2Pn2b1/5PPN/PB2P1BP/R2Q1RK1 b - - 0 16,g4e6
cxd5,r1b1k2r/ppp1qppp/2n2n2/3pp3/2P5/P1Q1PN2/1P1P1PPP/R1B1KB1R w KQkq - 0 8,c4d5
e6,3rkb1r/ppp1pppp/5n2/1P1P4/8/2N2N2/1PP2PPP/q1BQ1RK1 b k - 2 12,e7e6
Bg7,r2qkb1r/pp2pp1p/2p2np1/5b2/3P4/5N1P/PPP1BPP1/R1BQ1RK1 b kq - 1 9,f8g7
Qxc4,r4rk1/pp2ppbp/2p5/5p2/2Pq4/P1N3P1/2Q1PPBP/2R3K1 b - - 2 19,d4c4
Kb1,2r5/4bk2/3p3B/5P2/pp2P2P/1P3r2/P1P5/2KR3R w - - 0 29,c1b1
Qd1+,3R4/1p3p1k/6p1/7p/3BP1P1/5P1P/3q4/5K2 b - - 7 47,d2d1
Bd5,1rb2rk1/1pR2p1p/6p1/4p3/8/1P4P1/P3PPBP/R5K1 w - - 2 25,g2d5
Ra2,r1b2k2/1pq1pp1p/2n3p1/p1Pp4/5P2/PP2P3/1bPN2PP/R2QKB1R w KQ - 0 13,a1a2
O-O-O,r3kb1r/pp3ppp/2nq1n2/3Np3/2B2B2/5Q2/PPP2PPP/R3K2R w KQkq - 0 11,e1c1
Kxf5,8/6k1/8/4Kp1p/7P/8/8/8 w - - 0 61,e5f5
Be5,r4rk1/pp1nppbp/2pp2p1/7q/P1P1PB2/1N1Q3P/1PP2P2/1R3RK1 b - - 5 16,g7e5
Bxc4,rnbq1rk1/1pp1bppp/p3pn2/8/2pP1B2/2N1PN2/PP3PPP/2RQKB1R w K - 0 8,f1c4
Rxd2,1k1r4/4p3/1p6/pBp1Pppp/1n6/1P2P1P1/1P1R1PP1/R5K1 b - - 0 27,d8d2
h6,rnbqk1nr/2p1ppbp/p2p2p1/1p6/3PP2P/2N1BN2/PPP2PP1/R2QKB1R b KQkq - 0 6,h7h6
Bxf6,7r/8/4pN2/k2pb1pR/pp6/1P4r1/P1P1K3/7R b - - 4 44,e5f6
Nc3,rnbqk2r/pp1pppbp/5np1/8/3P1B2/5N2/PP2PPPP/RN1QKB1R w KQkq - 1 6,b1c3
Rd4,3r2k1/p2r1p2/1p2pbpp/2p5/2P1BPP1/P1qP2Q1/6K1/1R2R3 b - - 0 31,d7d4
Nfd6,r3n1k1/PR1N1n2/4p1pp/5p2/3B1P2/7P/6P1/6K1 b - - 1 41,f7d6
Rxd1,5b1r/pkp2ppp/4pn2/7q/2P3b1/5N2/PP2BPPP/RNBr1RK1 w - - 0 11,f1d1
Bd6,r2q1rk1/pp4pp/n1p2n2/2bp1b2/BP6/P1N5/2P1NPPP/R1BQ1RK1 b - - 0 14,c5d6
Re7,r3r1k1/1ppq1p1p/p1n2bp1/2Pp1n2/1P1P4/P2Q1P1N/4NBPP/1R1R2K1 b - - 0 24,e8e7
axb5,r2qk2r/1bp2pp1/p1np1n1p/1pb1p3/P3P3/1BNP1N2/1PP2PPP/R1BQ1RK1 w kq - 0 10,a4b5
b4,r1bq1rk1/2p2p1p/p2p1npQ/1p1Pp3/2PnP3/2N2P2/PP2N1PP/2KR1B1R b - - 2 12,b5b4
Kh1,r4rk1/1pq2ppp/pp1p2n1/4p3/PP1PP3/1QP2N1P/3BnPP1/2R2RK1 w - - 1 18,g1h1
Ng3,r1bqrbk1/pp3ppp/2pp1n2/4n3/P2BP1P1/2N4P/1PP1NPB1/R2QK2R w KQ - 1 12,e2g3
Ne1,r2q1rk1/1b1nbppp/pp1p1n2/2pPp3/2P1P3/1P3NP1/PB1N1PBP/R2Q1RK1 w - - 0 12,f3e1
Rc1,2bq1rk1/5pbp/2p3p1/3p4/3Pn3/2N1PN2/4BPPP/Q4RK1 w - - 0 18,f1c1
Qxa7,2rk4/p2n1p2/4q1pp/4p3/QBP5/2P1P3/P4PPP/3R2K1 w - - 0 26,a4a7
Kxe8,4Bk2/4Npp1/1n2pn1p/3p4/2pPP3/2P4P/3N1PP1/6K1 b - - 0 29,f8e8
h3,1nr2rk1/q5pp/3bp3/1p1pNp1b/pP1PnP2/P1PQ1NP1/1BR3BP/4R1K1 w - - 6 22,h2h3
c4,3q2k1/r3bpp1/p2p1n1p/1pp5/7B/PP3P1P/2P2P2/3RQBK1 w - - 3 22,c2c4
dxe5,r1bqk2r/p2nppbp/2pp2p1/4P3/2B2P2/2N5/PPP3PP/R1BQ1RK1 b kq - 4 10,d6e5
Bd3,r1bqk2r/pp1nbppp/2p1pn2/3p2B1/2PP4/2N1PN2/PP3PPP/R2QKB1R w KQkq - 1 7,f1d3
Nbd7,rn2kb1r/pp3ppp/1q1p1n2/2pPp3/4PP2/2N2N2/P1PBQ1PP/R3K2R b KQkq - 1 10,b8d7
Kd4,8/1p2p2p/3r1kb1/p2P3p/P1B1KP1P/1Pr5/3R2P1/3R4 w - - 5 32,e4d4
bxc5,rnbqk1nr/pp3ppp/3b4/2p1p3/1P2P3/2p2N2/P2P1PPP/RNBQKB1R w KQkq - 0 7,b4c5
Qd8,r1b2rk1/pp2ppbp/1qn3p1/2pNN3/3PnB1P/4P3/PPPQ1PP1/2KR1B1R b - - 0 10,b6d8
Kf6,8/3b2k1/1p1p2pp/8/P5P1/1P1K3P/8/8 b - - 0 46,g7f6
g5,r2rn1k1/3q2p1/p1Rp3p/1p1Ppp2/1P2P3/4BPP1/P3Q1KP/2R5 b - - 0 24,g7g5
Bxf6,r3qr1k/2p3pp/ppnpbn2/4p1B1/2P1P3/P1P2N1P/4BPP1/1R1Q1RK1 w - - 1 16,g5f6
Nd6,1r2qbk1/3n1p2/2p3p1/p2p2Np/P1NPP1nP/B7/2Q2PP1/5RK1 w - - 0 31,c4d6
O-O,r1bq1rk1/pp3ppp/2n1pn2/8/2NP4/5NP1/1P2PPBP/R2QK2R w KQ - 1 11,e1g1
Ng4,r1b2rk1/pp2b1pp/nqpp1n2/4pp2/2P1PP2/2NP2P1/PP2N1BP/R1BQ1R1K b - - 2 10,f6g4
cxd4,r4rk1/2q1bpp1/p1b1pn1p/1p2N3/P1ppPP2/2P1BB1P/6P1/RQR3K1 w - - 0 20,c3d4
d4,rnbqkbnr/6pp/pppppp2/8/P3P3/6R1/1PPP1PPP/1NBQKBNR w Kkq - 0 7,d2d4
Nb3,r1b1kb1r/1p3ppp/pqnppn2/6B1/3NPP2/2N5/PPPQ2PP/R3KB1R w KQkq - 3 9,d4b3
Bxb6,r1bqk2r/p1pp1ppp/1bp2n2/8/4P3/2N1B3/PPP2PPP/R2QKB1R w KQkq - 0 8,e3b6
h5,8/8/r1pk1p2/P1R1b3/1P5P/2P2K2/5P1P/8 w - - 0 43,h4h5
g4,rnbqkb2/ppp2nrB/3ppp2/4P1pR/2PP4/2N1BN2/PP3PP1/R2QK3 b Qq - 2 14,g5g4
Ra5,3r2k1/6p1/3PRp1p/2rP4/P7/8/6PP/R5K1 b - - 0 27,c5a5
Be3,r1bqk1nr/1pp3pp/p1pb1p2/8/3QP3/5N2/PPP2PPP/RNB2RK1 w kq - 0 8,c1e3
Rh1,2bq1r2/1r1nb1kp/pp1pB1p1/2pPp1P1/P1P1PnQ1/1PN1BN2/5P2/2KR2R1 w - - 4 23,g1h1
Kh8,r5k1/1bq1r2p/p1p1p3/1pNnP3/P3p1p1/6Q1/1P2BPPP/R1R3K1 b - - 1 24,g8h8
d2,2r3k1/p4pbp/1q2p1p1/4P3/4QP1B/1P1p3P/P5P1/5R1K b - - 0 42,d3d2
Bd4,r1bq1rk1/1p3ppp/p2p1b2/2pP4/8/2N1R3/PPBPQPPP/R5K1 b - - 1 17,f6d4
Be7,r1bqkb1r/ppp2ppp/1nn5/4p3/8/2N2NP1/PP1PPPBP/R1BQ1RK1 b kq - 5 7,f8e7
Qh3,r2r2k1/1pqbbp1p/2n1p1p1/p3P3/4NP2/2P1BQ2/P3B1PP/R4R1K w - - 9 19,f3h3
Nxe1,7k/2p3pp/1p2r3/p4p2/PnP1q3/1Q1n3P/1P3BP1/4RRK1 b - - 2 32,d3e1
Qc2,rnbq1rk1/pp2bppp/2p1p3/3p4/2PPn3/2N2NP1/PP2PPBP/R1BQ1RK1 w - - 0 8,d1c2
Rxe5,5r2/1pp3pk/1p3rq1/3Rp2p/4P2P/2P3P1/PP2QPK1/5R2 w - - 1 32,d5e5
Ne5,r2q1rk1/pbpnbppp/1p2pn2/3p2B1/3P4/2PBPN2/PPQN1PPP/R3K2R w KQ - 3 9,f3e5
Rce8,2r2rk1/p1qn1ppp/1p1p4/n1pP4/2P1PRN1/2PQ2P1/P6P/R1B3K1 b - - 2 18,c8e8
Bxb5,r3r3/2k4p/1pbb2p1/1N2np2/p1P1p3/P1B1P3/4BPPP/2RR2K1 b - - 1 22,c6b5
Kxd2,r1b1k2r/pp3ppp/4p3/8/3P4/6P1/P2bPPBP/R3K2R w KQkq - 0 13,e1d2
Rf8,2r5/6p1/1p1p3k/p2Pp1q1/P1P1Rp1p/1P3PrP/5QPK/4R3 b - - 1 40,c8f8
d3,rn1qkb1r/pp4pp/2ppbn2/4pp2/2P5/2N2NP1/PP1PPPBP/R1BQ1RK1 w kq - 2 7,d2d3
d4,rn1q3r/ppp1b1pp/3pkn2/8/4P3/2N5/PPPP1PPP/R1BQK2R w KQ - 0 8,d2d4
Bd3,rn1q3r/ppp2pk1/4bbpp/3p4/3P1Q1P/2N1PN2/PP3PP1/R3KB1R w KQ - 1 14,f1d3
Rh7,rnbqkbnr/8/ppppp3/5ppp/2P5/PP1PPPP1/1B2N1BP/RN1Q1RK1 b kq - 0 12,h8h7
a7,8/3k4/PbNp2p1/3P2Pp/2K2p1P/8/8/8 w - - 2 65,a6a7
d6,r1b2rk1/pp1pq1pp/2n1p3/1Bp5/8/2P2N2/PPP1QPPP/R3R1K1 b - - 1 13,d7d6
Nxb5,1r1qnrk1/3bppbp/3p2p1/nppPP3/2P2B2/1PN2NPP/5PB1/R2QR1K1 w - - 0 18,c3b5
Rd8,2r1qrk1/1bp3pp/1p1bp3/4Np2/1PP1nB2/1R2PB1P/5PP1/3Q1RK1 b - - 2 19,c8d8
Qc3,4r3/p1p1rpk1/qp1ppnp1/7p/2PP1P1P/6P1/PP3PB1/2QRR1K1 w - - 2 24,c1c3
h6,r4rk1/p1q2ppp/1p2pn2/6Q1/3P4/2PB1P2/P4P1P/2R1R1K1 b - - 2 18,h7h6
Ng4,1k5r/pPp2ppp/3bpn2/8/2P5/4BN1q/PP2BP2/RN1R2K1 b - - 1 14,f6g4
Bxc6,r2qkbnr/pp1bpppp/2np4/1B6/3QP3/5N2/PPP2PPP/RNB1K2R w KQkq - 3 6,b5c6
Nf2,3r1rk1/p1qn1p2/1p2p1p1/2p4p/2P2PN1/5PP1/PP2Q1KP/3RR3 w - - 0 24,g4f2
Qxe4+,rn2kb1r/pb1p1ppp/1p3n2/2pP4/4q3/P4N2/1PQ1BPPP/RNB1K2R w KQkq - 0 10,c2e4
Rd6,r2q1n2/5pk1/2R1p1p1/3pP1Np/1p1P2nP/6N1/P2Q1PP1/6K1 w - - 1 29,c6d6
Nd4,4r3/1pp3kp/3pqbp1/r1n2p2/2P4P/p3PNP1/PPQ2PB1/R2R2K1 w - - 0 20,f3d4
Bxd6+,3r3r/ppk3pp/2pb2b1/q3B3/6QP/2P3P1/PP4P1/R3KB1R w KQ - 3 18,e5d6
O-O,2bNrnk1/r1p3p1/5b2/pp1pn3/7P/P4NQ1/1P3PP1/RBB1K2R w KQ - 0 22,e1g1
Bxe5,2r3k1/pp1r1pp1/4b2p/nQq1p3/2P1B3/P3P3/1B3PPP/2R2RK1 w - - 7 21,b2e5
Qc2,r2qr1k1/2p2pbp/1p2bnp1/pP1p4/N2P4/4PN2/P3BPPP/2RQ1RK1 w - - 0 16,d1c2
Rxg8,6r1/8/3p1k2/2pB4/2P5/8/6RK/8 w - - 0 52,g2g8
Rfb8,r4rk1/3bppbp/3p1np1/qNpPn3/P3P3/4BP2/1P1QB1PP/R1N1K2R b KQ - 0 14,f8b8
Red8,2r1r3/1p2q2k/p1n1p1pb/P3Pp1p/NPRP1P2/4Q2P/3B2P1/2R3K1 b - - 4 30,e8d8
Nc6,rn2kb1r/1bq2pp1/p2ppn2/7p/P3P3/1NNB3P/1P1BQPP1/R4RK1 b kq - 1 13,b8c6
f3,3rk3/1pp5/p4p1p/2PPp3/1P3p2/2P4P/5PP1/3R1K2 w - - 0 36,f2f3
cxb5,q4rk1/rpp1ppbp/3p1np1/1b6/2P5/PQ1P2P1/1B2PPBP/R4RK1 w - - 0 16,c4b5
g6,r1bqk2r/pp2bpp1/2n1p2n/2ppP2p/5P2/2PP1N2/PPN3PP/R1BQKB1R b KQkq - 4 8,g7g6
Na6,3b2k1/2n5/2p1bpp1/1pP1p2p/1P2P3/r1NNBP2/2R1K1PP/8 b - - 3 31,c7a6
Qd2,6rk/p1qb1r1p/1pnRp3/2p1Ppp1/5P2/BP2P1PP/2Q3BK/3R4 w - - 0 26,c2d2
Bh6,r3kb1r/2pqnb2/1p3pp1/pP1p1p1p/3P3P/P1NBPQ2/2P1NPP1/R3K2R b KQkq - 1 14,f8h6
Kg1,3r2k1/5p2/p6p/1p1qP3/3p1P2/3Q2P1/PP4KP/3R4 w - - 1 27,g2g1
Ba6,4r1k1/pBqb3p/1p2pb1B/2pP1p2/1P1n4/P1NP2P1/3Q1PKP/1R3R2 w - - 1 21,b7a6
Rxb8,rQ6/p3p1kp/1nnp2p1/6N1/5P2/2q5/P1P3PP/1RB2RK1 b - - 0 23,a8b8
Nf6,r3r1k1/1p2qp2/2b1p2B/p2n2NQ/Pn1b4/8/1P3PPP/RB2R1K1 b - - 6 25,d5f6
d5,rn1q1rk1/pp2ppbp/2ppbnp1/8/2PP3N/2N3P1/PP2PPBP/R1BQ1RK1 w - - 4 9,d4d5
Rxb3,8/R7/1r4p1/n4p2/k2p1B2/1Pp2P2/5KP1/8 b - - 0 54,b6b3
Ke6,8/8/3k1p2/2p3pp/8/1r5P/1P1R1PP1/2K5 b - - 1 41,d6e6
Bd2,2r5/3R3n/6k1/2p1r1p1/4pp2/R3B2P/PPP3P1/6K1 w - - 0 35,e3d2
g4,r1bqr1k1/pppnppbp/6p1/4P2n/2P5/2N2N2/PP2BPPP/R1BQ1RK1 w - - 1 10,g2g4
Nf5,r3rbk1/ppq2pp1/2p2nnp/P3p3/2N1P3/4BQNP/1PP2PP1/R3R1K1 w - - 6 20,g3f5
f3,r2q1r1k/3bpp1p/p2p1n1Q/4n1N1/Pp1pPpPP/3B4/1PP2P2/2KR2R1 w - - 2 20,f2f3
Bh4,3r1rk1/1pq3bp/p1n1ppp1/3n2B1/3PB3/N1P2Q1P/PP3PP1/R4RK1 w - - 0 16,g5h4
Qxe8,4r3/6kp/1p1qP1p1/1QpB1p2/1p6/6P1/7P/4R2K w - - 8 35,b5e8
Rbd8,1r5k/p3q1pp/2Q2n2/2P5/2Brpp2/1P6/P4PPP/R3R1K1 b - - 0 22,b8d8
a5,r1bqkb1r/1p3ppp/p3p3/2Pp4/1P1Nn3/5N2/P1P2PPP/R1BQR1K1 b kq - 1 11,a6a5
Bg4,r4rk1/pppq1pbp/3pbnpB/4p2P/2PnP3/2NP4/PP1Q1PP1/R2BK1NR b KQ - 0 11,e6g4
Qc2,2q5/5pk1/4p1p1/p2bP3/1p1NpP1P/1P2P1P1/P3Q1K1/8 w - - 4 40,e2c2
Ng4,r3k2r/pp2ppb1/3p1np1/q1p4p/3nP2P/2NPB1P1/PPPQ1PB1/R4RK1 b kq - 4 12,f6g4
O-O,r1bqr1k1/ppp3bp/2np1np1/5p2/2P5/1PN2NP1/PB2PPBP/R2QK2R w KQ - 5 11,e1g1
Rd1,r2q1rk1/p3bpp1/4bn1p/3p4/8/2NB1Q1P/PP3PP1/R1B2RK1 w - - 2 15,f1d1
Bxd6,8/b2KBk2/p2p4/2p1p3/P1P1P3/3P4/8/8 w - - 9 58,e7d6
Nb5,r1brq1k1/1pbn1pp1/2p2n1p/p3pN2/3P4/P1N1P2P/BPQ2PP1/R1BR2K1 w - - 4 16,c3b5
Nd3,2r2rk1/pb1qppbp/1p1p1np1/8/1nP2P2/1N2PB2/PB1N2PP/R2Q1RK1 b - - 1 17,b4d3
O-O,r1b1k2r/pp3ppp/1qnbp3/2pp2B1/3P1Pn1/2P1PN2/PP1NQ1PP/1R2KB1R b Kkq - 6 9,e8g8
b5,rnbqkb1r/1p2pppp/p2p1n2/8/3NP3/2NB4/PPP2PPP/R1BQK2R b KQkq - 1 6,b7b5
Bg5,1r2r1k1/5b1p/1p1p1qp1/p1p1nP2/2P1P3/1PN1B2P/P2Q2B1/5RK1 w - - 0 32,e3g5
g6,r3r1k1/1bqnbppp/p2pp3/1p4PQ/3BPP2/P1N5/1PP4P/1K1R1BR1 b - - 2 16,g7g6
Kf6,8/5pk1/3b2pp/r2P1p2/P7/1P1R3P/4KPP1/8 b - - 2 33,g7f6
O-O,rn1qk2r/pp3ppp/2pbpnb1/8/3P4/5BN1/PPPN1PPP/R1BQ1RK1 b kq - 5 9,e8g8
c3,r2qkb1r/1p2pp2/n1p3pn/p2pPb1p/P2P1P2/5N1P/1PPNB1P1/R1BQK2R w KQkq - 1 10,c2c3
Qb3,rn2r1k1/pp3pbp/2p3p1/3q1p2/2NP4/4P1P1/PP2NP1P/2RQ1RK1 w - - 0 14,d1b3
c5,rnbq1rk1/ppp1ppbp/3p1np1/8/2PPP3/2N2N1P/PP3PP1/R1BQKB1R b KQ - 0 6,c7c5
Re1,1rb1r1k1/2q4p/pppp1npb/8/1PPP1p2/2NB1N1P/P2Q1PP1/2RR2K1 w - - 4 21,d1e1
Rhg1,r4r1k/1pq2ppn/2p2b1p/p3pP1Q/P1B1P2P/2P5/1P1B1P2/2KR3R w - - 7 23,h1g1
cxd3,r2q1rk1/pp2ppbp/1n4p1/3PP3/2p5/2NR1N1P/PP2QPP1/R1B3K1 b - - 0 16,c4d3
Nf1,4rk2/R3npp1/4p2p/1PQp3P/3P4/6N1/P4PP1/1q4K1 w - - 1 35,g3f1
a4,r1r3k1/5pbp/2nB2p1/pR1p4/3P4/4P1PP/5P2/R5K1 b - - 1 21,a5a4
gxf3,1B1rr1k1/1p3ppp/2n5/1N1p1b2/6nP/2P1Pp2/1P2BPP1/R2R2K1 w - - 0 20,g2f3
e6,r2qkb1r/pp1npppp/2p2n2/3p4/2P3b1/1P2PN2/PB1PBPPP/RN1QK2R b KQkq - 2 6,e7e6
Rxb6+,6R1/5p2/Rp3k2/6p1/1P4n1/6N1/P3rPK1/8 w - - 2 39,a6b6
b4,2kr3r/1p3p1p/p1n1bp2/3pp3/8/1PP1PN2/1P2BPPP/R4RK1 w - - 0 15,b3b4
Qd2,r3k2r/pp1b1pp1/n3pn1p/3p4/q1pP1NPP/B1P1PP2/1P6/R2QKB1R w KQkq - 0 19,d1d2
Nxd3,r1r5/1p1knppp/p2P4/4pb2/1n2N3/3B4/PPP1KPPP/R1B4R b - - 0 14,b4d3
Rb1,8/8/5k2/1r1p4/3P2Rp/2K2P2/6PP/8 b - - 4 48,b5b1
d4,r1bqk1nr/pppp1ppp/2n5/b3p3/2B1P3/2P2N2/P2P1PPP/RNBQK2R w KQkq - 1 6,d2d4
Bg4,r4b2/1bqn1k2/5np1/1pppp3/7Q/1P2PBN1/2PP2PP/B4RK1 w - - 0 24,f3g4
Qe3,3qk2r/1b1p1ppp/p3p1n1/8/Pb1PP3/1B3N2/3N1PPP/R3Q1K1 w k - 3 18,e1e3
b5,r1b1kb1r/1pqn1pp1/p4n1p/4pN2/4P3/2N5/PPPBQ1PP/R3KB1R b KQkq - 1 11,b7b5
exf4,r4rk1/bppbqpp1/p2p3p/3Pp3/2P1PB1n/2N2N1P/PP3PBK/1R1QR3 b - - 0 19,e5f4
Rb2,1r3rk1/3n2p1/1pbp1q1p/p1p2p2/P1PPpP2/2P1P1B1/2BQ2PP/1R3RK1 w - - 0 21,b1b2
exd4,r1bqk2r/pppnbppp/3p1n2/4p3/2BPP3/2N2N2/PPP2PPP/R1BQ1RK1 b kq - 5 6,e5d4
f3,r3kb1r/pp4pp/2n1b3/4pp2/8/P2BP3/1PN2PPP/R1BK3R w kq - 0 13,f2f3
Rxc8,2rr2k1/1p2bppp/1q3n2/pP1pB3/P2N4/3nP3/Q2N1PPP/2R2RK1 w - - 10 21,c1c8
Qb6,r2q1rk1/1b2bpp1/p3pn1p/1pp5/4NB2/2PBP2P/PPQ2PP1/3R1RK1 b - - 1 15,d8b6
Rae1,r4rk1/3q2p1/p2ppn1p/1pp5/3pPN2/3P3P/PPPQ1PP1/R4RK1 w - - 2 17,a1e1
Be4,2r5/7p/p4kp1/1p2p3/3b4/5P2/PPB3PP/1K1R4 w - - 1 30,c2e4
Rxd1,3r1r2/1pk3pp/2p1Rp2/1pb2P2/5P2/P1B3P1/1PK4P/3R4 b - - 0 29,d8d1
Qb6,r1bqkbnr/pp2pppp/2n5/3pP3/3P4/4B3/PP3PPP/RN1QKBNR b KQkq - 0 6,d8b6
Qf2,r1b2rk1/1p1pb1pp/1Pn1p3/pBP2q2/P7/2P1BP2/3Q2PP/RN3RK1 w - - 0 20,d2f2
Bg5,r1bq1rk1/ppp2ppp/1bnp1n2/4p3/2B1P3/2NPBN2/PPPQ1PPP/R3K2R w KQ - 6 8,e3g5
Na5,r1bqkb1r/pp2pp1p/2n2np1/3p4/2PP4/1QN2N2/PP3PPP/R1B1KB1R b KQkq - 1 7,c6a5
Bg2,rnbqk2r/pp1p1pbp/6p1/2p2p2/2P5/1PN3P1/P2PPP1P/R2QKBNR w KQkq - 0 7,f1g2
Rxe8+,4r1k1/1q1b3p/1n4p1/2pP1pPn/p1P2P2/1PN1R1P1/P2Q3K/4R3 w - - 0 31,e3e8
Nf3,rn2kbnr/ppp1p2p/3p2p1/5q2/3P4/2N5/PPP2PPP/R1BQK1NR w KQkq - 0 7,g1f3
Bc4,r1bqkb1r/pp2pp1p/2n3p1/3n4/3P4/2N2N2/PP3PPP/R1BQKB1R w KQkq - 0 8,f1c4
b3,rn1q1rk1/p1p1npb1/bp2p1pp/3pP3/2PP3P/2N1BN2/PP3PP1/R2QKB1R w KQ - 1 10,b2b3
Nc5,8/7p/p3n1p1/3kPp2/2p2P1P/2B1P1P1/1K6/8 b - - 7 54,e6c5
Qxd3,1r1r2k1/5ppp/pP2p3/R1B1p3/1P2Qn2/3q3P/5PP1/5RK1 w - - 0 26,e4d3
Bb3,r1bqkb1r/2pp1ppp/p1n2n2/1p2p3/B3P3/3P1N2/PPP2PPP/RNBQK2R w KQkq - 0 6,a4b3
Nh2,r3r3/ppp2pk1/2n2qp1/4p1n1/4P2p/2P2B1P/PP3PP1/R1Q1RNK1 w - - 1 21,f1h2
Ng5,2q1r3/7p/p1p1Nbp1/2P2p1k/4pBnP/1Q2P3/PP3PP1/R3K2R w KQ - 3 23,e6g5
exd5,rnbqk2r/p1p1bppp/1p2p3/3N2B1/3P4/5N2/PP2PPPP/R2QKB1R b KQkq - 0 7,e6d5
Rh1,r3rnk1/ppb2ppp/2pq1p2/8/3Pb1P1/1QP1BN1P/PP2BPK1/R3R3 w - - 5 17,e1h1
d4,r2q1rk1/1b3ppp/p1p2b2/3ppP2/2p1P3/2N3QP/PPP1N2K/R1B2R2 b - - 1 16,d5d4
Be3,r1bqkb1r/pp1ppp1p/2n3p1/2n5/8/P1N2N2/1PP2PPP/R1BQKB1R w KQkq - 0 7,c1e3
Qc2,rnbq1rk1/pp2bppp/2p2n2/3p2B1/3P4/2NBP3/PP3PPP/R2QK1NR w KQ - 0 8,d1c2
f3,r1bqr1k1/pp1nbppp/2p2n2/3p2B1/3P4/2NBP3/PPQ1NPPP/R3K2R w KQ - 7 10,f2f3
Kc6,8/1Kp5/1p6/2p3k1/2P3P1/1P6/4B2b/8 w - - 29 55,b7c6
b3,r2qr1k1/3nbpBp/2p1p1pP/3p4/3PP3/p1NQ2P1/PPR2P2/4R1K1 w - - 0 23,b2b3
b4,rnbqk2r/p3ppbp/2pp1np1/1p6/3PP3/2N1BP2/PPPQ2PP/2KR1BNR b kq - 1 7,b5b4
Bd3,8/1p2k1pp/2n1p3/1B1pP3/5P2/P5P1/2r4P/R5K1 w - - 1 25,b5d3
cxd4,r2q1rk1/1b3ppp/p4b2/1ppn4/3P4/1BP4P/PP3PP1/RNBQR1K1 b - - 2 14,c5d4
a3,2rq1rk1/4p1bp/p1nppnp1/1p6/3P4/2N1PN1P/PP3PPB/2RQ1RK1 w - - 0 14,a2a3
Ree7,4r1k1/p1p2rpp/1p1pqp2/4n2Q/2P1P3/2PP2R1/P5PP/2B2RK1 b - - 3 22,e8e7
Qd2,r2qkb1r/3n1ppp/p2pbn2/1p2p3/4P1P1/1NN1BP2/PPP4P/R2QKB1R w KQkq - 0 10,d1d2
Nxc2+,r2qk1nr/pp2ppbp/6p1/3Q4/3n1B2/2NB3P/PPP2PP1/R3K2R b KQkq - 0 10,d4c2
bxc5,6r1/8/1p1kp3/2Pp4/4b1pp/P1P5/1P3PP1/R3R1K1 b - - 0 29,b6c5
Qg5,2r5/p1p4k/bp1q2p1/3P1p2/P7/1P4PP/3Q1PB1/4R1K1 w - - 2 34,d2g5
g4,r2qrb2/ppnb2kp/3p1pp1/2pP4/2P2B2/3B1N1P/PPQ2PP1/4RRK1 w - - 4 19,g2g4
Kf8,6k1/5p2/6p1/pR1P3p/8/1P5P/1r3PP1/6K1 b - - 0 27,g8f8
h6,r2q1rk1/pp1nbppp/3p1n2/2p1p1B1/3PP3/2P2N2/PP3PPP/RN1QR1K1 b - - 2 9,h7h6
Nc3,r1bq1rk1/p3bppp/2p1p3/2ppPn2/2P5/3P1N2/PP2QPPP/RNB1R1K1 w - - 1 11,b1c3
Bd3,8/p4k1p/8/1PK1Bp2/5Pp1/6P1/2b5/8 b - - 1 36,c2d3
Ra8+,3k4/7p/1p2p1pP/2p1P1P1/1r1pPP2/R7/2K5/8 w - - 0 54,a3a8
Qb7,rq2r1k1/2pbbpp1/p1pp1n1p/8/3NP2B/1PNQ4/P1P2PPP/R3R1K1 b - - 0 14,b8b7
Kb8,2kr1b1r/1p3p1p/p2p4/q3p3/2P5/1PNQ4/P4PPP/R4RK1 b - - 2 19,c8b8
Rae8,r5k1/p1q2ppp/1pbp1n2/2n1r3/2PNp3/B1P1P3/P3BPPP/1QRR2K1 b - - 5 22,a8e8
g4,r2qr1k1/p4pbp/2ppnn2/4pR2/1p2P3/6PP/PPP1N1BK/R1B2Q2 w - - 3 18,g3g4
Nf6,r3kbnr/1ppq2pp/8/1N6/2P1p3/8/PP1P1PPP/R1BQK2R b KQkq - 1 11,g8f6
Qh3,2r1k2r/2qb1pp1/p3pn2/1Pb1N1N1/3n1P1p/1B3Q2/PPPB2PP/R4R1K w k - 1 21,f3h3
Ngh6,1r2r1k1/1p6/pNp1b1p1/P2pPn1p/1B1P1Pnq/3Q1R1P/1P2P1B1/R5K1 b - - 0 27,g4h6
h6,r4rk1/3n1ppp/2p5/1pqbP3/8/b1PB2B1/2Q1NPPP/R4RK1 b - - 2 23,h7h6
Qf6+,3nN2k/ppp1q2p/3p3n/6p1/2PPb3/1P2P1P1/P4QBP/R5K1 w - - 1 25,f2f6
Ne2,r3k2r/1b1n1p2/p1n1p3/1p1pP2p/5PpN/2NB2P1/PPP2K1P/4RR2 w kq - 0 18,c3e2
Nb4+,5r1k/2q4p/n1pR3b/1p2P2p/8/1P4QN/1PK3P1/8 b - - 0 28,a6b4
e5,r4rkb/1p1b3p/p1npp1pB/7N/P2PP3/2QB4/6PP/R5K1 w - - 1 23,e4e5
Bg5,r2qkb1r/pppn1ppp/5n2/3p1b2/3P4/1QN2N2/PP2PPPP/R1B1KB1R w KQkq - 0 7,c1g5
O-O,r1bqk2r/bppp1ppp/p1n2n2/4p3/4P3/1BPP1N2/PP3PPP/RNBQ1RK1 b kq - 2 7,e8g8
Rxf2,r3rqk1/p2b2b1/3p1p2/2PP2pp/4N3/6P1/P2QRnBP/2R4K w - - 0 36,e2f2
Nb4,2r2r1k/p3npp1/qpn1p2p/3pP2P/3P2Q1/4BPN1/5KP1/3RR3 b - - 1 23,c6b4
Kxf3,8/5pkp/2p1p3/p7/P1PP2P1/5p2/2Q2K1q/6R1 w - - 5 39,f2f3
Nb6,1q1b1rk1/3n1pp1/p2p1n1p/3Pp3/1PR5/P3QN1P/1B3PP1/3R2K1 b - - 0 23,d7b6
gxh5,bq1rrbk1/3n1p1p/p2pp1p1/1p4PN/2P1P3/1PN4P/PB1Q1PB1/3RR1K1 b - - 0 22,g6h5
Kh6,8/8/5Qp1/p4p1k/5Kb1/P2B4/8/8 b - - 3 55,h5h6
Nd7,r5k1/1p2q3/1np3pb/3p1p1p/1P1Q1P2/r3P2P/P3BB1P/3R1RK1 b - - 2 26,b6d7
cxd3,8/5ppk/2p4p/p1q1pPn1/P1B1P1Pb/1R1p3P/1PP1Q1K1/8 w - - 0 32,c2d3
Bxf6,3qr1k1/pp4b1/4pN2/5p1Q/1n1P4/5P2/PP3P1P/1Br1R2K b - - 1 23,g7f6
b5,2k5/1pp5/p2p4/4p3/4P3/2PPq3/PPB5/3R1K2 b - - 4 36,b7b5
d4,r1bq1rk1/4bppp/p1p5/1p1nR3/8/1BP5/PP1P1PPP/RNBQ2K1 w - - 0 12,d2d4
O-O,rn2kbnr/1bqp1ppp/p3p3/1p6/3NP3/P1NB4/1PP2PPP/R1BQK2R w KQkq - 2 8,e1g1
fxe6,r1bqk2r/1p1nbppp/p2pBn2/8/3NPP2/2N5/PPP3PP/R1BQ1RK1 b kq - 0 9,f7e6
Rd5,5qk1/p4p2/4pQp1/r3P3/P6P/1P6/5P2/4R1K1 b - - 0 33,a5d5
Kxe2,r1b1kbnr/pp3ppp/2n5/1Bpp4/3P4/5N2/PPPNqPPP/R1B1K2R w KQkq - 0 8,e1e2
h6,r1bq1rk1/pp2nppp/2nb4/3p4/2PP4/1P2BN2/4BPPP/RN1Q1RK1 b - - 0 11,h7h6
Bc5,1r3bk1/p1N2p1p/1pB1b1p1/4p3/2P5/1P2Q1P1/P3PPKP/3r4 b - - 1 25,f8c5
Ke2,8/8/8/3q4/8/2K1k3/8/8 b - - 11 67,e3e2
Qc2,r2qkb1r/p2b1ppp/2n1pn2/1p6/2pP4/3Q1NP1/PP2PPBP/RNB2RK1 w kq - 0 10,d3c2
Bd6,3r1rk1/pbq2ppp/1p2pn2/2b5/8/3B1NB1/PPP1QPPP/3R1RK1 b - - 7 15,c5d6
Qxa3,r2r2k1/1p3p2/1n2p1p1/pQ1nP1Bp/P3N3/P4q2/5P2/3BR1K1 b - - 1 24,f3a3
Bg5,rnbqkb1r/1p2pppp/p2p1n2/8/3NP3/2N5/PPP2PPP/R1BQKB1R w KQkq - 0 6,c1g5
Bxc4,8/p1rk1p2/R2np1p1/PP5p/2bP3P/3BK1P1/5P2/8 w - - 1 41,d3c4
e6,rnbq1rk1/1p2ppbp/p2p1np1/2pP4/P1P1P3/2N2P2/1P2N1PP/R1BQKB1R b KQ - 0 8,e7e6
g6,r2q1rk1/pb2bppp/1pn1pn2/6B1/3P4/2NQ1N2/PP3PPP/1BR2RK1 b - - 3 14,g7g6
h5,2rq1rk1/1ppb1pb1/4p1pp/p7/Pn1PPP1P/2N1Q3/1P2N1P1/RB2K2R w KQ - 1 17,h4h5
Bxd2,r1b1k2r/ppp3bp/2n2pp1/4P3/2N1pB2/8/PPPqPPPP/2KR1B1R w kq - 0 11,f4d2
Bg7,rnbqkb1r/pp2pp1p/3p1np1/8/3NP3/2N1B3/PPP2PPP/R2QKB1R b KQkq - 1 6,f8g7
Kh6,8/6pk/5p2/R4P1p/8/6P1/p6K/r7 b - - 1 65,h7h6
f4,r1bqk1nr/p2pppbp/2p3p1/4P3/8/2N1B3/PPP2PPP/R2QKB1R w KQkq - 1 9,f2f4
Qc6,2krr3/pppq1ppp/5n2/4pbB1/2P3P1/2PP3P/P3QP2/2KR1B1R b - - 0 16,d7c6
Rd6,3k4/2rP4/p4p2/1p2nBp1/2b4p/P3R2P/6P1/3R2K1 w - - 2 40,d1d6
Rxe7,4rbk1/3qr1pp/p1p2p2/1p1p1P2/3P1B2/1P1Q3P/P1P1R1P1/4R1K1 w - - 3 25,e2e7
Rxc5,3r2k1/Q4pp1/2pqp3/1rp4p/8/1PRP2P1/P3PP1P/2R3K1 w - - 0 24,c3c5
Bb7+,3k4/p4ppp/bp6/2p5/3b4/1PN2K2/P1PB1PPP/8 b - - 0 23,a6b7
Rf4,2r2b1k/4pPqP/p3P3/5R2/3pQ3/3P4/P5P1/6K1 w - - 9 37,f5f4
Nxc5,r1b3k1/1pqn1pbp/p3p1p1/2n5/2P5/QNN3P1/P3PPBP/B2R2K1 w - - 1 19,b3c5
f6,8/8/2n5/2k2P2/1p6/5QP1/7K/8 w - - 2 45,f5f6
h3,r2qrbk1/1pp2pp1/2n2n1p/p2bp3/8/1BPPBNN1/PP3PPP/R2QR1K1 w - - 4 14,h2h3
Kf8,6k1/6p1/7p/rB6/P7/7P/5PP1/6K1 b - - 2 38,g8f8
Bd3,rn1qkb1r/ppp3pp/4pn2/3p4/3P2b1/2N3Q1/PPP2PPP/R1B1KBNR w KQkq - 0 8,f1d3
h6,rnb1k1nr/ppp1ppbp/6p1/q6P/8/2N5/PPPP1PP1/R1BQKBNR w KQkq - 1 6,h5h6
g5,r4k1r/p4pp1/2N4p/5P2/5nP1/7P/PP5K/3RR3 b - - 4 25,g7g5
Rxc8+,1rr3k1/5qpp/5p2/3pn3/1P1N4/3QPP2/6PP/1RR3K1 w - - 5 38,c1c8
gxf7,r2r1b1k/p4p2/1n2qNPp/3pPn2/1ppP1Q1P/8/PP3BP1/R2N1RK1 w - - 3 30,g6f7
Kh8,2rq1rk1/pb2npp1/1p2pn1p/4N3/2BP4/1QP1B3/P4PPP/3RR1K1 b - - 2 16,g8h8
e6,2rk1b1r/pp1bppqp/2np4/8/5P2/1N2N3/PPPQ2PP/1K1R1B1R b - - 5 15,e7e6
O-O,rnbqk2r/pp2bppp/2p2n2/3p2B1/3P4/2NBP3/PP3PPP/R2QK1NR b KQkq - 2 7,e8g8
h3,r4rk1/1bp1bppp/p1np1n2/1p4B1/4P1q1/2PB1N2/PPQN1PPP/3R1RK1 w - - 6 13,h2h3
a5,r2qr1k1/5ppb/p1p2b1p/3p1P2/5BB1/2P4P/PP3RP1/R2Q3K b - - 6 22,a6a5
Nxd4,r1bqk2r/ppp2ppp/2n2n2/3p2B1/1bPP4/2NB4/PP3PPP/R2QK1NR b KQkq - 6 7,c6d4
Nd7,rqb1k2r/5ppp/p1p1pn2/3pP3/1b3P2/2NBB3/PPP3PP/R2QK2R b KQkq - 0 12,f6d7
h6,rn2k2r/pp2ppbp/2p3p1/3nP1B1/2P4P/5P2/qP1Q2P1/2KR1BNR b kq - 0 12,h7h6
Nxe4,r1bqr1k1/pp3pbp/n2p2p1/2pP4/2P1n3/2N1BN1P/PP1QBPP1/R3K2R w KQ - 3 12,c3e4
Nb6,5rk1/2rnbppp/p2p4/qp1Qp1PP/8/2P1BP1B/PP5R/R3K3 b Q - 0 20,d7b6
d6,r1bq1rk1/2ppbppp/p1n2n2/1p2p3/4P3/1BPP1N2/PP3PPP/RNBQ1RK1 b - - 0 8,d7d6
Ne3,1rb2rk1/2q2pp1/p1n2b1p/1pp1p3/P3P3/2P2NP1/1PN1QPBP/R2R2K1 w - - 1 16,c2e3
Nxf6+,6k1/p4p1p/4np2/8/1r2N3/6P1/5PKP/R7 w - - 0 23,e4f6
Nxg6,2r1brn1/1p3p1k/p1nq2p1/3pNR1p/3P4/P1NBP1Q1/1P4PP/5RK1 w - - 3 20,e5g6
Kf2,7k/6p1/2p4p/2P4P/1P2R3/3P2K1/1r2p3/8 w - - 0 40,g3f2
f6,r1bqkb1r/1p3ppp/p1nPp2n/2p5/2P3P1/1P3N1P/PB1P1P2/RN1QKB1R b KQkq - 0 9,f7f6
Na3,r1bqkb1r/1p3ppp/p1np1n2/1N2p1B1/4P3/2N5/PPP2PPP/R2QKB1R w KQkq - 0 9,b5a3
O-O,r2qk2r/1p1b1ppp/p4n2/2bPp3/8/4NP2/PPP3PP/RNBQ1RK1 b kq - 3 11,e8g8
Bxc8,2r5/pp5P/6k1/4p1p1/3pP3/1P5B/P4n2/6K1 w - - 0 36,h3c8
Qxc4,5k2/1b2Npbp/2p2np1/1pP5/1Pq5/6P1/1BQ1PPBP/6K1 w - - 1 22,c2c4
Na4,1rr3k1/4ppbp/3pbnp1/q7/1p2P3/1PN3P1/PB2QPBP/2RR2K1 w - - 0 18,c3a4
Nc6,rnbqkb1r/pp3ppp/4p3/2pp4/2PPn3/3B1N2/PP3PPP/RNBQ1RK1 b kq - 1 6,b8c6
Rxh5,8/8/8/6Rp/1kP2p2/1n1P4/5PP1/5BK1 w - - 1 37,g5h5
Rfa1,r4rk1/pb1nnpp1/1p2p2p/1P1p4/3P4/R1PB1NP1/1P1N1PP1/5RK1 w - - 3 17,f1a1
Bxf8,1r1r1bk1/1pp2p1p/4p1p1/pP2P3/2bPBP2/B1N1n1P1/P2R3P/R5K1 w - - 3 22,a3f8
Bd3,r1bqkb1r/pp1n1ppp/2p1pn2/8/2NP4/4BN2/PPP3PP/R2QKB1R w KQkq - 3 8,f1d3
h4,2q1k2r/1p2bpp1/p1n1bn2/7p/2P5/3B2B1/2N2PPP/1R1Q1RK1 w - - 0 23,h2h4
Qa5,r1b2rk1/1p1pbppp/p3p1n1/4P3/5P2/qRNQBN2/P1P3PP/5RK1 b - - 4 15,a3a5
O-O,r3k2r/8/p6p/1b1Rpqp1/8/6P1/PP3PBP/4R1K1 b kq - 0 29,e8g8
cxd3,3r2k1/p2r1pbp/P5p1/1P1qp3/2p5/B1PP1PP1/2Q3KP/1R1R4 b - - 0 30,c4d3
Nxe6,r5kb/1b2rp1p/1pp1n1pB/p1n1p1N1/P1B1P1P1/2N2P1P/1PPR4/3R2K1 w - - 5 24,g5e6
Nc3,8/1b1kbpp1/3p1n2/4p2p/8/1P2P1P1/NB3P1P/3B2K1 w - - 11 39,a2c3
Bc4,2bq1rk1/1pp2nbp/3p4/2PPppp1/1P2Pn2/2N2P2/3NBBPP/Q4RK1 w - - 3 20,e2c4
d6,rnbqkb1r/pppp1p2/6pp/5p2/3P3P/4PN2/PPP2PP1/RN1QKB1R b KQkq - 0 6,d7d6
Qxe5,r3r1k1/1p1qpp1p/6p1/2pPn3/1P1Q1PP1/2N4P/2R3B1/4R1K1 w - - 0 30,d4e5
fxg6,1rbqk2r/4npb1/3p1nP1/p1p4p/1p6/3PB1PP/PPPQN1B1/R2N1RK1 b k - 0 15,f7g6
Kf7,8/1p2P3/2p3k1/1p1p4/3P4/2P2K2/8/8 b - - 0 52,g6f7
a3,3r2k1/5p1p/2Qb2p1/1Pq2p2/p7/6P1/2P4P/4RB1K b - - 1 31,a4a3
Nc5,r2q1rk1/ppp2pbp/2n3p1/4p3/2BPN3/2P2Q1P/PP3PP1/R4RK1 w - - 0 14,e4c5
f6,r1bq1rk1/pp2bppp/2n1p1n1/3pP3/3P4/3B1N2/PPN2PPP/R1BQ1RK1 b - - 2 10,f7f6
Kh1,r1b1k2r/1pq1bppp/p1nppn2/8/P3P3/1NN5/1PP1BPPP/R1BQ1RK1 w kq - 3 10,g1h1
fxe6,r1bqkb1r/3n1ppp/p2pBn2/1p4B1/3NPP2/2N5/PPP3PP/R2QK2R b KQkq - 0 9,f7e6
Kxe4,1r6/7p/1r6/RP2pk2/4P2P/3pP3/1R4K1/8 b - - 0 51,f5e4
Kb8,2kr2nr/ppp3pp/2n2p2/1q6/5PQ1/7P/PPPN1PP1/2KR3R b - - 3 14,c8b8
a6,r1bqk2r/ppppnpbp/2n3p1/1B6/3PP3/5N2/PP3PPP/RNBQ1RK1 b kq - 0 7,a7a6
Bb7,r1b1kb1r/2qnpppp/p2p1n2/1p4B1/3NPP2/2N2Q2/PPP3PP/2KR1B1R b kq - 1 9,c8b7
Kf5,8/6R1/4k3/3p4/2bK4/2r5/8/1q6 b - - 1 68,e6f5
Bd7,r1bqkb1r/pp3ppp/1nn1p3/1B1pP3/3P4/P4N2/1P1N1PPP/R1BQK2R b KQkq - 2 9,c8d7
Rd8,5rk1/4bppp/p3p3/1p4P1/2n4P/4PK2/P3N3/5R2 b - - 0 32,f8d8
d5,2r1k3/3Rpr1p/2P1R1p1/p7/3P2P1/5P2/1P4K1/8 w - - 3 38,d4d5
h3,r1bq1rk1/ppp2ppp/2np1n2/2b1p3/2B1P3/2PP1N2/PP3PPP/RNBQ1RK1 w - - 0 7,h2h3
Qxa2,2r2rk1/pb2bppp/1pn2n2/3qp1P1/7P/2PB1NB1/PP1NQP2/2KR3R b - - 0 15,d5a2
O-O,rnbq1rk1/p3ppbp/5np1/2pPN3/2B5/2N5/PP3PPP/R1BQK2R w KQ - 1 10,e1g1
g4,r6r/1p1qbpk1/3p1np1/p1pPp1Bn/P1P1P3/2N3PP/1P1Q1PB1/1R3RK1 w - - 2 19,g3g4
Bb4,r1bqkb1r/1pp2pp1/p3pn1p/n2P4/P1p1P2B/2N2N2/1P3PPP/R2QKB1R b KQkq - 1 9,f8b4
Qf3,r3k2r/bp1b1pp1/p1p4p/4pP2/4B1Pq/3P3P/PPPB3K/R2Q1R2 w kq - 3 19,d1f3
Rc2,r1r2k2/np2bpp1/1n2p3/1p1pP3/2pP1BP1/P1P5/1P1NB2P/R1R3K1 w - - 1 23,c1c2
Be3,rn2k2r/pp1qppbp/3p1np1/2p5/2PPP3/2N2N2/PP3PPP/R1BQK2R w KQkq - 1 8,c1e3
Re8,r2r2k1/1p3pp1/1qn4p/2R5/1P1p4/p2N2P1/P2QPPKP/2R5 b - - 1 22,d8e8
d5,r1bq1rk1/pppn1pbp/3p1np1/4p3/2PP4/2N2NP1/PP2PPBP/R1BQ1RK1 w - - 0 8,d4d5
dxe5,r1bqr1k1/pp1n1pbp/2pp1np1/4p3/3PP3/1P3NP1/PBP2PBP/RN1QR1K1 w - - 0 10,d4e5
Qxh3+,N4rk1/bQp3pp/p7/4p3/4Pp1q/2P2P1P/PP3P2/R1B2K2 b - - 2 24,h4h3
Be3,2b1k2r/r3bpp1/pnN1pn2/1p4Bp/8/1PN3PB/P1P4P/2KRR3 w k - 3 20,g5e3
gxf3,rn1qkb1r/pp2pppp/2p2n2/3P4/8/2N1Pb2/PP1P1PPP/R1BQKB1R w KQkq - 0 6,g2f3
Rd8,r1b2rk1/1pq2npp/p2bpp2/8/2PB2P1/1PN4P/P3QPB1/R4RK1 b - - 4 17,f8d8
Kxh4,1R6/8/8/5p1p/1Pr3kP/8/5PK1/8 b - - 4 61,g4h4
Qc8+,4k3/1pQ1b3/p3p1p1/5pN1/8/1P2P1PP/Pr1r1PK1/8 w - - 7 32,c7c8
f4,2r3k1/5p2/1p4qp/3pPp2/3P3P/8/R1p3PK/2Q5 b - - 2 43,f5f4
Rdc8,1r1r2k1/4pp1p/2Rp2p1/P5qn/1P2P3/5P2/6PP/1R2QB1K b - - 0 28,d8c8
Nb5,r3k1nr/pp3ppp/2n1p3/2qpPb2/8/2N2N2/PPP1BPPP/R2QK2R w KQkq - 0 10,c3b5
Rb7,1r4k1/R1qnppbp/2ppb1p1/8/4P3/2N1BPQP/P1P1B1P1/6K1 b - - 0 23,b8b7
Kb1,r3r1k1/4bppp/pqNp1n2/1p1Pp3/8/5P2/PPPQ2PP/2KR1B1R w - - 5 16,c1b1
e6,r1bq1rk1/1p2ppbp/p2p1np1/2pPn3/P3P3/2N5/1PPNBPPP/R1BQ1RK1 b - - 3 10,e7e6
Qa5,r1bq1k1r/pp3n1p/8/2P3P1/1NB1PPp1/4B3/PPP5/2KR3R b - - 0 21,d8a5
Nge8,8/6n1/R2p1nk1/2pPp2p/2P1Pp2/5P1K/3b4/5B2 b - - 1 37,g7e8
Qxb2,5rk1/8/1qp2bn1/p3p2p/P1P1Ppp1/2N2P2/1PP3PP/R3Q2K b - - 0 23,b6b2
Nxe5,4rrk1/pp4bp/2n3p1/3pp1P1/5P1R/1PPB1NP1/1P6/2KR4 w - - 0 19,f3e5
Nc3,r3k2r/pp1n1ppp/2pqpn2/3p4/2PP4/3QPN2/PP3PPP/RN3RK1 w kq - 1 10,b1c3
Bxd4,r1b2rk1/1pq1bppp/p2ppn2/8/3nPP2/2N1B3/PPP1B1PP/R3QR1K w - - 0 12,e3d4
e6,r1bq1rk1/p3ppb1/2p3p1/3pPn1p/5P2/1BN5/PPP2BPP/R2QR1K1 b - - 1 14,e7e6
Rad1,r2r2k1/1Q3ppp/5n2/pN3q2/P7/7P/5PP1/R4RK1 w - - 0 22,a1d1
e4,r2q1rk1/pb1n1ppp/3ppn2/1P4B1/3P4/2Q2P2/1P2P1PP/R3KBNR w KQ - 1 12,e2e4
a4,4r1k1/1p1q1bp1/p6p/2Bp4/4p3/2P5/PP3QPP/5RK1 w - - 2 28,a2a4
Kf7,4r3/pp2r1pp/2pbp1k1/5pP1/3P4/1PP2B2/P2BR1K1/7R b - - 8 37,g6f7
Nd3+,8/3R4/4p1p1/2k1Np2/2P2P2/1P4P1/1r3b1P/7K w - - 10 42,e5d3
Bc7,5rk1/5rp1/Rbp3q1/4p2p/3P2b1/1PP3N1/1P1Q1PPP/5RK1 b - - 1 30,b6c7
Be4,8/K7/2k5/1pP2p2/1P1B2p1/2Pb2P1/5P2/8 b - - 2 52,d3e4
Bd2,rn1qk2r/p1pp1ppp/bp2pn2/8/1bPP4/1P3NP1/P3PP1P/RNBQKB1R w KQkq - 1 6,c1d2
Bxf3,r4rk1/pp2ppbp/2p2np1/2Pp4/R2PbB2/1PN1PN1P/1P1K1PP1/R7 b - - 2 15,e4f3
Ne1,r1bq1rk1/3nb2p/2p1p3/ppPp1pp1/3Pn3/4PNP1/PPQ1NPBP/R1BR2K1 w - - 0 16,f3e1
Kh2,8/5ppk/pr3r1p/8/R7/5N1P/6P1/R6K w - - 8 39,h1h2
O-O-O,rn2r1k1/ppp1Ppbp/1n4p1/2q2bB1/5Q2/1BN2P2/PPP3PP/R3K1NR w KQ - 5 14,e1c1
g4,2r2rk1/pp1nnpb1/1q2p2p/3pP1p1/1P1P3P/P2Q1NB1/4NPP1/2R2RK1 b - - 0 18,g5g4
Qf3+,5k2/1p3p1p/p2P4/4QB2/P4P2/1P1RP2K/5P1P/2r4q b - - 2 45,h1f3
Rc1,rnbq1rk1/pp2ppbp/6p1/3pN3/1PpPnB2/2P1P3/PN2BPPP/R2QK2R w KQ - 3 12,a1c1
Qxe7,2rq1rk1/4B1pb/1pp1pp1p/3p4/3Pn3/P2N2P1/1P2PPBP/2RQR1K1 b - - 0 20,d8e7
h3,8/8/4k3/2K2p2/5P1p/8/7P/8 w - - 0 50,h2h3
Bf5,r1bq2k1/p4pbp/3P2p1/1P2p2n/3pN3/P6P/1P1QB1P1/2KRR3 b - - 1 21,c8f5
Ba6,r1b1r1k1/3p1ppp/2nBpn2/p1P1P3/q4P2/2pQ1B2/P1N3PP/RR4K1 b - - 0 18,c8a6
Rc1,8/p6p/6p1/p1pkpp2/1b5P/1P3PP1/2R1K3/8 w - - 0 43,c2c1
Rxa5,r3k2r/1b2bpp1/1q2p2p/Pp1pP3/2nN1B2/P1PB4/R4PPP/3QR1K1 b kq - 0 18,a8a5
Rf5+,7R/p7/6k1/2K5/2PP1r1p/8/P7/8 b - - 2 51,f4f5
h3,3r2k1/5ppp/1p2pb2/p3n3/4B3/BP2P3/P4PPP/2R3K1 w - - 0 22,h2h3
Bb5,r1b2rk1/p3ppb1/2np1npp/8/3PP3/4BNNP/1P1R1PP1/4KB1R w K - 1 17,f1b5
Rg7+,6k1/5R2/p4Pp1/5pPp/1b3P1P/2p5/2P5/1K6 w - - 1 45,f7g7
d5,1r1q1rk1/p3npbp/b1npp1p1/8/P3P3/2NPBNP1/1P2QPBP/R2R2K1 b - - 3 14,d6d5
dxc5,r2qkb1r/5p1p/2npb3/p1PNp3/1p2Pp2/3B4/PPN2PPP/R2Q1RK1 b kq - 0 16,d6c5
Bxb5,7k/5prp/P1b5/1P2P3/5n1P/1P4R1/5P2/4R1K1 b - - 6 45,c6b5
fxg5,2r3rk/3nq1pp/1pbp1p2/p3pPPP/2P1P1Q1/1PN2BR1/P7/6RK b - - 2 33,f6g5
Nfxe5,r2q1rk1/1pp2ppp/1b3nn1/pP1bp3/P1N5/1BPP1N2/5PPP/R1BQ1RK1 w - - 0 14,f3e5
Rxa8,r3r1k1/5pp1/2nqbn1p/3p4/1ppP4/2P2NNP/1PB2PP1/R2QR1K1 w - - 0 18,a1a8
Qxa3,8/1p3pk1/p4pb1/3p4/3P3p/P3q3/6PP/3Q2NK b - - 3 34,e3a3
Bd3,rnbqk2r/p4ppp/1p2pn2/3p4/3P4/P1P1PP2/6PP/R1BQKBNR w KQkq - 0 9,f1d3
a3,r2qkb1r/pb1p1ppp/1pn1pn2/6B1/3P3P/4P3/PP1N1PP1/R2QKBNR w KQkq - 0 8,a2a3
Qc2,r1bq1rk1/pp2bppp/2n2n2/2ppp1N1/4P3/2PP1PP1/PP1N2BP/R1BQ1RK1 w - - 1 11,d1c2
fxe6,r2k1b1r/ppp2ppp/4Bn2/4p3/4P3/2N5/PPP2PPP/R1B1K2R b KQ - 0 9,f7e6
Ned4,r6r/1p1b1kp1/1p3n2/3p1N2/5P1p/2PB3P/PP2NKP1/R1B5 w - - 1 22,e2d4
b4,6B1/3k4/3P4/1p2P1p1/p5P1/2r5/P4K2/8 b - - 2 46,b5b4
a4,r2qr1k1/1bpn1pb1/1p1p2pp/p1nPp3/2P1P3/P1N1BN1P/1PB1QPP1/1R1R2K1 b - - 4 18,a5a4
Qe4,r1bqkb1r/pp1p1ppp/2n1p3/3nP3/3Q4/2P2N2/PP3PPP/RNB1KB1R w KQkq - 1 7,d4e4
Bxd5,2r2rk1/1pq1bp2/p1bp3p/P2NnRpP/3BP3/6Q1/1PP3B1/R5K1 b - - 3 24,c6d5
Rxb5,6k1/5p2/1p4pp/pR6/P7/1r4PP/1P3P2/6K1 b - - 1 28,b3b5
cxd5,rnbqk1nr/pp3pbp/2p3p1/3Pp3/8/5NP1/PP1PPPBP/RNBQ1RK1 b kq - 0 6,c6d5
b6,r1b1k2r/pp1n1ppp/2p1p3/q5B1/3P4/b1P1PN2/P1R2PPP/3QKB1R b Kkq - 2 10,b7b6
Qa8,5b2/7k/Q2pq1p1/4n2p/2p1P2r/P1P5/KP1R2P1/4R3 w - - 0 38,a6a8
Rb1,r1bq1rk1/pp2ppbp/3p1np1/2n5/2P5/2N1PN2/PP2BPPP/R1BQ1RK1 w - - 0 9,a1b1
Nxd5,r3kb1r/1bq2ppp/pp2p3/2pPN3/1n6/NP6/PB3PPP/R2Q1RK1 b kq - 0 15,b4d5
Nc4,3rr1k1/pp2qppp/1b6/3P4/4P1Q1/2N5/PP1N4/5R1K w - - 3 27,d2c4
Qxd7,r2qk2r/pp1Bpp2/6pp/3P4/3pP2P/8/P2Q1PP1/1R2K2R b Kkq - 0 15,d8d7
Re8,rnb2rk1/pp2qppp/2p5/8/2QPn3/2N2N2/PP2BPPP/R3K2R b KQ - 0 11,f8e8
Nxe6,2kr3r/1bpq2bp/4nnp1/p2p4/Pp1P1N2/1QPB4/1P1B2PP/4RRK1 w - - 0 20,f4e6
Nc6,rn1qkb1r/ppp2ppp/4b3/3p4/3Qn3/1B3N2/PPP2PPP/RNB2RK1 b kq - 2 7,b8c6
exd4,rn1qk2r/pb1pppbp/1p3np1/8/3p4/1P2PNP1/P1P2PBP/RNBQ1RK1 w kq - 0 8,e3d4
e6,r2q1rk1/1b2p1bp/n4p2/p2p4/2pP2pN/2P3P1/P2QPPBP/R3NRK1 b - - 0 19,e7e6
Be6,r1bqk2r/ppp2p1p/2n3pP/3pP3/5B2/2Q5/PPP2PP1/2KR2NR b kq - 0 15,c8e6
d4,r1bq1rk1/pp2npb1/2p3pp/3pP3/5B2/2NP2P1/PPP1Q1BP/4RR1K w - - 0 14,d3d4
c3,r1bqkb1r/p2p1ppp/2n1p1n1/2p5/2B1P3/5N2/P1PPQPPP/RNB2RK1 w kq - 6 8,c2c3
cxd4,8/4kp1p/p3bp1P/1p1p4/3b1PB1/P1P2KP1/1P6/8 w - - 0 43,c3d4
cxd5,r1bq3k/p4rbp/1pn1p1p1/2pp4/2P5/1N1P2P1/PP3PBP/R1BQ1RK1 w - - 0 15,c4d5
Nd7,rn1qkb1r/pp2pppp/2p5/3nNb2/3P4/8/PPP1BPPP/RNBQ1RK1 b kq - 3 7,b8d7
Nbd7,rn1qkb1r/pbp2ppp/1p1ppn2/8/2PP4/5NP1/PP2PPBP/RNBQ1RK1 b kq - 1 6,b8d7
Kxd7,1R1bk2r/p2Q1p2/6p1/4P2p/5P2/P6P/2P3P1/K7 b k - 0 26,e8d7
Nf6,1rq1k2r/4bppp/p1p1p3/8/1p1QnP2/4B3/PPP1B1PP/R4R1K b k - 1 15,e4f6
f4,2r2r2/pp1bpp1k/2np2p1/7n/q3P2P/1NP1BP2/P1PQ4/1K1R1BR1 w - - 1 17,f3f4
e6,rnbq1rk1/pp2ppbp/3p1np1/2pP4/4P3/2N2N2/PPP1BPPP/R1BQ1RK1 b - - 5 7,e7e6
O-O,r3kb1r/ppqb1pp1/1nn1p2p/3pP2P/2pP4/2P3Q1/PPB1NPP1/RNB1K2R w KQkq - 1 13,e1g1
Nbc3,rn1qk2r/pp3pp1/2pb1n2/3p3p/2PPp1bP/4P1P1/PP2NPB1/RNBQ1RK1 w kq - 1 9,b1c3
Rc2,3r1rk1/2pb1pp1/4pq1p/2P1N3/2Q1BP2/pP4P1/P2b3P/1KR4R w - - 1 25,c1c2
Kb1,1k1r3r/1bq2pp1/pn2p2p/1p1pPP2/3R2PP/P1N5/1PP1Q1B1/2K1R3 w - - 3 21,c1b1
bxc3,1r6/3k1p2/p2n1p2/2pP4/1p3PPp/2P4B/PP3K1P/4R3 b - - 3 31,b4c3
Rd7,r5k1/4qb2/1p3p2/2p4p/2P5/2Q2P2/P2R2PP/3R2K1 w - - 0 29,d2d7
Bd6,1r2q3/pp2nrbk/2n3pp/4P3/4BP2/BQP3P1/4P2P/R4RK1 w - - 3 22,a3d6
Rxd8,rnbQ1rk1/1pp2pbp/p4np1/4p3/P3P3/2N1BP2/1PP3PP/R3KBNR b KQ - 0 9,f8d8
c5,1r4k1/p1p2p1p/5qp1/8/3b4/2N4P/PP1Q1PP1/3R2K1 b - - 3 23,c7c5
h3,r1bq1r2/pp1nn1k1/2p4p/5p2/2P1pP2/2N1B3/PP1Q2PP/2KR1B1R w - - 0 15,h2h3
Kf7,2bq2k1/p3b1pQ/1r6/3pPpP1/2p2B2/3nP3/PP3P2/R4K1R b - - 2 23,g8f7
h7,2k5/8/7P/1pp2R2/3b2p1/1n4B1/5PK1/8 w - - 0 37,h6h7
d6,r1b1k2r/2qp1p1p/p3pp2/4n3/Np2P3/3B4/PPP1Q1PP/1K1R3R b kq - 1 16,d7d6
Ne2,r1b2rk1/pp2ppbp/2np1np1/q7/4P3/2NPB1P1/PPP2PBP/R2QK1NR w KQ - 0 9,g1e2
Bxf5,r3kb1r/pppq2pp/2n2n2/4pb2/8/2PB1N2/PP3PPP/RNBQ1RK1 w kq - 0 9,d3f5
Qa3+,r4rk1/1p2bppp/p1ppbn2/q3p3/2P1P1P1/1PN2Q1P/P1PBNP2/2KR3R b - - 1 13,a5a3
Nd7,r1bq1rk1/1p2bppp/p1n1pn2/2ppP3/8/3P1NP1/PPPN1PBP/R1BQR1K1 b - - 0 9,f6d7
h6,r1bq1rk1/pp1n1pbp/2pp1np1/4p3/2PPP3/2N1BN1P/PP2BPP1/R2Q1RK1 b - - 0 9,h7h6
c3,r3k2r/p2n1ppp/2p1pnb1/1p6/2p1P3/NP3PP1/P3P1BP/R1BR3K b kq - 0 15,c4c3
Nc6,rnbq1rk1/pppp1ppp/5n2/4p3/2P5/2P2NP1/P2PPPBP/R1BQK2R b KQ - 2 6,b8c6
Nd5,r2qkb1r/3n1ppp/pn1pb3/1p2p1P1/4P3/1NN1BP2/PPPQ3P/R3KB1R w KQkq - 1 12,c3d5
Kf1,4rk2/2R3pp/1p3p2/pNpb4/8/P2P4/1PP2PPP/6K1 w - - 2 30,g1f1
Nxc8,rnb2rk1/pp3p1p/3N1bp1/4N3/3P4/6P1/q3PPBP/1R1Q1RK1 w - - 2 18,d6c8
a4,8/4b2p/1p2k3/3b1pp1/1P2p3/P1B1P2P/4BPP1/4K3 w - - 0 32,a3a4
h3,r1bqkb1r/pp2pppp/2n2n2/3p4/3P4/2PB4/PP3PPP/RNBQK1NR w KQkq - 1 6,h2h3
a3,r1bqk2r/pp1p1ppp/2n1pn2/1N6/1b2P3/2N5/PPP2PPP/R1BQKB1R w KQkq - 5 7,a2a3
Qg4,r4rk1/5ppp/1p1N4/1P6/P2R4/8/q6B/3Q3K w - - 1 33,d1g4
Bg5,rnbqkb1r/5ppp/p2ppn2/1p6/3NP3/1BN5/PPP2PPP/R1BQK2R w KQkq - 0 8,c1g5
c6,rnbq1rk1/ppp2pbp/1n4p1/3Pp3/4P3/6P1/PP2NPBP/RNBQ1RK1 b - - 0 9,c7c6
c3,2k3r1/1p1r2Np/1np2p1P/p2p4/3PbPP1/PB6/1PPR4/2K1R3 w - - 0 27,c2c3
Qxb7,q2k3r/pB1ppp1p/p5p1/2P5/8/2b2N2/2P2PPP/3QR1K1 b - - 0 18,a8b7
Kg2,r3r1k1/pp3p1p/2pb2p1/8/1P1P2qN/4P1P1/P1Q2P1P/1RR3K1 w - - 0 21,g1g2
Nf4,1r4k1/2qb1pbp/rp1p2p1/2nPp2n/1RP1P3/1NN1B2P/1QB2PP1/1R4K1 b - - 12 22,h5f4
h6,2rqr1k1/1b3pbp/pp1p1np1/3PpnB1/P7/1NN2B1P/1PP2PP1/R2QR1K1 b - - 7 17,h7h6
Kb4,8/8/8/2k1K1p1/p5P1/N7/8/8 b - - 5 55,c5b4
g6,r1bqkb1r/pp2p1pp/2np4/2p5/5P2/2N5/PPPP2BP/R1BQK2R b KQkq - 0 8,g7g6
b5,rr1q4/1p1b1pk1/3p1n2/2pP1Pb1/p1Pn1pPp/P1NQ3P/1P2BBK1/3RR3 b - - 1 28,b7b5
Rac1,1rb2rk1/1pqn1pbp/p2ppnp1/8/2PBP3/2N2P2/PP1QBNPP/R4RK1 w - - 2 13,a1c1
Qxg6+,r4rk1/p7/2qp1npp/2p1p3/2P5/P4PP1/1PQ1P1KP/R2R4 w - - 0 20,c2g6
Nc6,rnbqk2r/1p3ppp/p3pn2/2bp4/5B2/2NBP3/PPP1NPPP/R2QK2R b KQkq - 1 7,b8c6
Nxe4,8/4kp2/5p1p/p1n1p3/P1PpPP2/6PP/8/3B1K2 b - - 0 34,c5e4
h5,2r2nk1/5pp1/pq2p1p1/1p1bP1N1/2pP3P/8/PP2QPP1/R2R2K1 w - - 1 22,h4h5
f5,r1n1r1k1/ppq4p/2pp2pQ/8/3BPP2/2N5/PPP3BP/3R2K1 w - - 1 21,f4f5
Bc4,2r1n1k1/pp3pb1/4b1pp/8/3NP3/3N1P2/qPP2QPP/2KR3R b - - 5 23,e6c4
Ra1,r3r1k1/p4ppp/5b2/2np4/P2N1P2/8/q5PP/1R1Q1RBK w - - 3 25,b1a1
Rc8,r2q1rk1/pp2ppbp/3pbnp1/8/2P1P3/2NQ2P1/PP1B1PBP/R4RK1 b - - 2 12,a8c8
Ng6,1r1r1nk1/2q1bpp1/p3bn1p/Pp2p3/1Pp1P3/B1P2NPP/4QPB1/1R1R1NK1 b - - 5 22,f8g6
Nc6,rnb1kb1r/pp2pppp/8/2pqN3/8/2Q5/PPPP1PPP/R1B1KB1R b KQkq - 0 7,b8c6
Bg2,r2qkbnr/pp3ppp/2p1pnb1/8/3P2P1/5N1P/PPPNQP2/R1B1KB1R w KQkq - 1 10,f1g2
axb3,2r2r2/3q1pkp/p3p1p1/1p6/3P1Q2/1b6/PP3PPP/2R1R1K1 w - - 0 23,a2b3
Kf2,6k1/2p2pp1/2qp4/3N1P2/5PPp/pr3K1P/3Q4/2R5 w - - 5 37,f3f2
axb5,8/3kp3/3p1p2/1p4p1/P1Q1P3/6P1/5PK1/1q6 w - - 0 42,a4b5
e6,rnbq1rk1/pp2ppbp/3p1np1/2pP4/2P1P3/2N1BP2/PP4PP/R2QKBNR b KQ - 2 7,e7e6
Kg7,r1bq1rk1/ppp2p2/2pb3p/4N1pQ/3P4/6P1/PPP2PP1/RN3RK1 b - - 0 13,g8g7
Qb5,r3kb1r/pppnqp1p/3p2p1/8/5P2/2P1B2P/PPP1QP2/2KR1B1R w kq - 1 13,e2b5
Rad8,r3r1k1/1pp1ppbp/5np1/p2q2B1/3P3Q/P2R1N2/1PP2PPP/1K2R3 b - - 0 15,a8d8
g3,r4rk1/3n1pbp/q2pp1p1/2pP4/ppP1P3/3Q1N1P/PP1N1PP1/1R2R1K1 w - - 0 18,g2g3
Re7,1r6/3b4/3P1k2/2BB1p1p/1P4p1/6P1/P4P1P/4R1K1 w - - 0 37,e1e7
Nf3,r1bqkb1r/pp1n1ppp/3p1n2/2pPp3/4PP2/2N5/PPP3PP/R1BQKBNR w KQkq - 1 6,g1f3
h3,3r2k1/pQ4pp/2n1q3/2p2p2/2P1p3/4P3/PP2BPPP/R5K1 w - - 1 20,h2h3
Rb1,3q1rk1/5pb1/2Qp2p1/p2P3p/n4P2/1b2B1PP/r4NB1/3RR1K1 w - - 1 27,d1b1
h4,4k3/p3b1Q1/2n1qp2/4p3/1rP5/6P1/4PPKP/R4R2 w - - 0 21,h2h4
axb5,1rr3k1/3b1pp1/p1nPp2p/1p6/PqB5/1P2QN2/5PPP/3RR1K1 w - - 0 22,a4b5
cxd5,r7/1b1k1p2/2p3p1/1pRP3p/7P/4PBP1/5PK1/8 b - - 0 39,c6d5
Bb4,2kr3r/ppqnbpp1/2p1p1b1/4P3/5PP1/1BN1BQ2/PPP3K1/R3R3 b - - 0 19,e7b4
a6,2rq1rk1/p4pbp/2n1b1p1/1p1np3/3p4/1P1P1NP1/PN1BPPBP/2RQ1RK1 b - - 1 17,a7a6
f4,r4rk1/pbp1b1pp/1p1p4/2PPpp1q/1P6/6P1/PBQRPPBP/4R1K1 b - - 0 19,f5f4
Rxe2,5rk1/p1pq3p/1pnb1ppP/3p4/3P1B2/5N2/PPPQrPP1/2K1R3 w - - 0 21,e1e2
Qxd1,1r4k1/2q2pp1/5n1p/1P3P2/4p1P1/7P/1R2QP2/3r1BK1 w - - 0 34,e2d1
Qxc5,r1b2rk1/2q1bppp/p4n2/2Pp4/3Np3/1PQ5/P4PPP/RNBR2K1 b - - 1 15,c7c5
Ka4,3k4/1p3pb1/p2Pp3/5rp1/1KP1R2p/5P1P/1P1R2P1/8 w - - 0 32,b4a4
Nxf1,r5k1/p4p2/2p1b2p/3pP1pQ/1q6/3B4/P1Pn2PP/3R1R1K b - - 11 24,d2f1
Rd2+,6k1/3r4/pR6/5p2/P4bb1/8/5K2/8 b - - 5 43,d7d2
hxg7,r3k1r1/pp1n2pb/1qp1pp1P/3p2B1/1b1P4/2N1PP2/PPPQN3/2KR3R w q - 1 17,h6g7
Be4,3r1r1k/p2n1p1p/1p4qp/2pBP3/5P2/3P2P1/PP1Q3P/R4RK1 w - - 1 18,d5e4
Bd3,r1bqkb1r/pp3ppp/2n1p3/2npP3/5P2/2N2N2/PPP3PP/R1BQKB1R w KQkq - 0 8,f1d3
h3,4r1k1/5p2/1b3q2/2p3pp/2Pp4/pPnB1NB1/P1R2PPP/5RK1 w - - 0 29,h2h3
Bg2,r3kb1r/pp3ppp/2p2n2/q4b2/P4B2/2N3P1/1P2PP1P/R2QKB1R w KQkq - 2 12,f1g2
Nc3,r4b1r/pppk2pp/2n2n2/4p3/8/6N1/PPP2PPP/RNB2RK1 w - - 0 11,b1c3
g3,4r1k1/3N1pbp/4p1p1/2B1Pn2/3P4/1P3Q2/2q2PPP/R5K1 w - - 4 30,g2g3
Qb6,2rqkb2/1b3p1R/p2pp1p1/1p4P1/3NP3/P1N1QP2/1PP5/2K5 b - - 1 21,d8b6
fxg6,1r4k1/pr2qpb1/b2p1np1/1Np2P1p/P1P1P3/6NP/1BQ3P1/1R3RK1 w - - 1 21,f5g6
hxg4,r1bq2k1/pp3rb1/3p1nn1/1P1Pp2p/1B2PpP1/2NN4/P3B1PP/2RQ1RK1 b - - 0 19,h5g4
Rb8,8/8/8/p1p5/Pr1pk3/1P1N2P1/4K2P/8 b - - 8 46,b4b8
Bg5,rnbqr1k1/pp3ppp/5n2/3pp3/1b6/2NP2P1/PPP1NPBP/R1BQ1RK1 w - - 0 9,c1g5
Rb8,r1bq1rk1/2n2pbp/pp1p1np1/2pP4/P1B2B2/2N1PN1P/1P3PP1/R2QR1K1 b - - 1 13,a8b8
bxa4,6k1/2q2pp1/4p2p/1p1bN2P/P2Pp3/6P1/P2Q4/6K1 b - - 0 35,b5a4
Nxe4,3q1rk1/1b2ppb1/p2p1n1p/1p2n1p1/3NP3/2P3B1/P1P2PPP/1R1QRB1K b - - 0 17,f6e4
Ree2,8/6bk/p1pN2p1/2Q2p1p/P3r3/2P3P1/1Pr2PKP/8 b - - 4 33,e4e2
Bxe5,r1br2k1/1p3pp1/2pb1qnp/pP2N3/P1BP4/1Q2N1P1/5PP1/2KRR3 b - - 2 26,d6e5
Bg4,r1bq1rk1/pp3pp1/2np1n1p/b1p1p3/2P1P3/P1NP1N2/1PQ1BPPP/1RBR2K1 b - - 0 11,c8g4
Ne3,1r1q1r2/1b1nppkp/2np2p1/2p2P2/pp2P3/3P2PP/PPPQN1B1/R2N1RK1 w - - 0 16,d1e3
Qg5,8/6pk/p7/1p5p/5QnP/P7/1PP2r2/7K w - - 2 38,f4g5
Nf3,r1bqk2r/pp3ppp/4pn2/2b5/3N4/3B4/PPP2PPP/R1BQ1RK1 w kq - 1 10,d4f3
Rd2,r6r/3nkppp/2bNpn2/8/4P3/2N1BP2/PPP3PP/2KR3R w - - 3 16,d1d2
h4,6k1/5p2/3p2p1/2pP1n1p/1p3P2/1P3N1P/2PR1KP1/r7 b - - 0 31,h5h4
O-O,r3kb1r/pp1q1ppp/2n1pn2/1B1p4/3P4/2P5/PP3PPP/RNBQK2R w KQkq - 0 9,e1g1
Bd3,rnbqk2r/p1p2ppp/1p2pb2/8/3PN3/5N2/PPP2PPP/R2QKB1R w KQkq - 0 8,f1d3
h6,r2qk2r/pbpnppbp/1p1p1np1/8/2PP3P/3BPN2/PPQN1PP1/R1B1K2R b KQkq - 0 8,h7h6
Nh6,r2qkbnr/pp3ppp/2n1p3/2PpPb2/5P2/4BN2/PPP3PP/RN1QKB1R b KQkq - 1 7,g8h6
Bg3,r1b1r1k1/1pq1bppn/2p4p/p3p3/P1B1P2B/2P4P/1P1NQPP1/R4RK1 w - - 1 15,h4g3
O-O,rnbqk2r/pp2ppbp/6p1/2p5/3PP3/2P2N2/P4PPP/1RBQKB1R b Kkq - 1 8,e8g8
Rg3,r4rk1/pp2ppb1/2p3p1/4nP1p/2pqP2Q/2NP1R1P/PPP3P1/R1B4K w - - 3 17,f3g3
Re3+,8/2pk4/p6R/P1p5/1pPp4/1P1r4/3NK3/8 b - - 1 46,d3e3
exf5,2kr3r/pp1b1p2/4p3/q1P1nQ2/8/P1pNB2P/2P1BPP1/R3K2R b KQ - 0 17,e6f5
Ng5,r2q1rk1/ppp2ppp/2n5/3n4/2BP2b1/2P2N2/P1Q2PPP/R1B2RK1 w - - 3 12,f3g5
Nc6,1n3rk1/1pq2rpp/4p1p1/p2pP3/P2P2P1/7P/1P1QRP2/4RBK1 b - - 0 28,b8c6
Ke7,5k2/2p2p2/1pPp1q2/p7/4PP2/1P1KQ3/P7/8 b - - 2 42,f8e7
a6,8/p4p2/2k1p1p1/7p/r1P4P/3K2P1/PR3P2/8 b - - 0 30,a7a6
h6,r3k1nr/ppp2ppp/2n1pq2/3p4/3P1Pb1/5NP1/PPPNBP1P/R2QK2R b KQkq - 0 8,h7h6
Qe2,rnbqk2r/5pbp/pp1p1np1/2pPp3/P1B1P3/2N2N1P/1PP2PP1/R1BQ1RK1 w kq - 2 10,d1e2
Qxb3,8/5pk1/1q1pp3/2p3p1/2P1P1P1/1R2NPK1/8/8 b - - 0 51,b6b3
Kc6,5k2/2R2p2/6p1/2PKB3/5PP1/8/8/3r4 w - - 3 44,d5c6
Bxd5,2rqkb1r/1b1n1pp1/p3p2p/1p1N4/3N3P/P3BP2/1PPQ2P1/2KR1B1R b k - 0 14,b7d5
Be2,rn1qk2r/pbppbppp/1p2pn2/6B1/3P4/4PN2/PPPN1PPP/R2QKB1R w KQkq - 1 6,f1e2
c5,5rk1/p3ppbp/1r1p1np1/1p1B4/1PP5/P5P1/1B2PP1P/2RR2K1 w - - 0 19,c4c5
Kxg2,3r2r1/2kp1p1p/1p1bpp2/8/3P4/2P3P1/1P1N1PbP/R4RK1 w - - 0 19,g1g2
h5,r2q1rk1/pp2ppbp/3pb1p1/4n3/2P5/1PN3P1/PB1QPPBP/R4RK1 b - - 4 13,h7h5
Bb4,4r3/2R2pk1/p4nbp/1p4p1/3p4/1B5P/PP1BrPP1/3R2K1 w - - 1 26,d2b4
Kg4,8/6p1/4p2p/4K2k/8/4P3/8/8 b - - 1 42,h5g4
Nd1,8/8/4k3/1p3ppp/1B1P4/2N1P2P/1pK2PP1/2b5 w - - 0 38,c3d1
Nxf3,8/8/2p1p1pk/3pP3/1P1P3p/5q1K/7N/8 w - - 4 50,h2f3
Qc7,r1bq1rk1/pp3ppp/2nbpn2/2pp4/4P3/1P1P1NP1/PBPN1PBP/R2QK2R b KQ - 2 8,d8c7
Rc8,r2q1rk1/1b1n1pbp/p2p1np1/1p1Pp3/4P3/P1N1B1PP/1P1N1PB1/2RQ1RK1 b - - 2 15,a8c8
Ng6+,r2rnN1k/1pq3p1/2pbBn1p/5Q2/p3P2B/P6P/1PP2PP1/1R2R1K1 w - - 7 29,f8g6
Rd2,3r2k1/pN4pp/5p2/4p3/6b1/P3P3/1Pn1P1BP/5RK1 b - - 0 23,d8d2
Nxc6,r1b1k2r/1p1p1ppp/p1n1pn2/8/3NP3/P1q1BP2/2P1K1PP/R2Q1B1R w kq - 1 11,d4c6
Bf4,2r3k1/pq2bpp1/1n2p3/8/3P3p/1QP1P1BP/3N1PP1/R5K1 w - - 0 24,g3f4
exf5,r2qr1k1/6b1/p1bpp2p/1p3Np1/n3P3/2P2QB1/PP2RPPP/R4BK1 b - - 0 21,e6f5
Qd7,r2qrbk1/1b3ppp/pn6/1ppp1NB1/8/5B2/PPPQ1PPP/2KRR3 b - - 11 17,d8d7
Kg4,8/1b6/1P3p2/8/5K2/3k1P2/8/8 w - - 2 54,f4g4
Qb8,2r5/k1q1p2p/Pp4p1/2r5/2P2PQ1/7P/5P2/3R2K1 b - - 2 42,c7b8
Nd5,4rbk1/p4p2/q4n1p/1p2p2P/2b2P1R/P1Q1P3/1B4P1/1K1R4 b - - 0 29,f6d5
O-O,rnb1k2r/pp3ppp/2pqp3/3p4/2PPn3/1QN1PN2/PP3PPP/R3KB1R b KQkq - 0 8,e8g8
Nf7+,3r1r1k/p5pp/3NQ3/2p5/8/P1np4/5PPP/R5K1 w - - 4 33,d6f7
a3,2rr2k1/1bqpbppp/pp2pn2/8/1PPNn3/1Q2BNP1/P3PPBP/2RR2K1 w - - 4 18,a2a3
Rh6,r5k1/pp1bq1b1/2n1pr2/3p1p2/3P1P2/3BPRQ1/PP4PP/3N1RK1 b - - 6 20,f6h6
Qh3+,rn2q3/pp4b1/2pR2p1/5k2/2B1p3/6Q1/PPP2PP1/2K5 w - - 10 24,g3h3
Rxb2,8/1p3pkp/6p1/8/8/7P/PR3rP1/3R3K b - - 0 32,f2b2
Bb5+,4kb1r/5p2/B4np1/4p2p/P7/1P2B1PP/1r3P2/R4RK1 w k - 1 21,a6b5
Ng4,r1b2rk1/1p3ppp/p1n1pn2/6B1/2B5/P1N3Pq/1P2QP1P/R2R2K1 b - - 1 15,f6g4
a4,rnbqkb1r/p1p1pppp/8/1p6/2pPP3/2P2N2/P4PPP/R1BQKB1R w KQkq - 0 7,a2a4
h6,r1b1kb1r/1p1npppp/pq1p1n2/6B1/4PP2/1NN5/PPP3PP/R2QKB1R b KQkq - 2 8,h7h6
Be8,3r3k/1p1b2pp/2p2nn1/p5N1/P1B5/2N4P/1PP3P1/4R2K b - - 2 28,d7e8
Qxd6,r1bqkb1r/pp2pppp/1nnP4/8/3p4/1BP2N2/PP3PPP/RNBQK2R b KQkq - 0 8,d8d6
Bxf6+,2rk1b1r/pp3ppp/2n2n2/1NqpB3/6b1/2P1PN2/P4PPP/R2QKB1R w KQ - 1 13,e5f6
Ke4,8/p6p/1p4p1/5k2/PPp5/2Brp1P1/2K1R2P/8 b - - 0 36,f5e4
O-O,rnbqk2r/ppp1ppbp/5np1/8/2QPP3/2N5/PP3PPP/R1B1KBNR b KQkq - 0 6,e8g8
a3,rn1qk2r/p2p1ppp/bp2pn2/2p5/1bPP4/2N1PN2/PP1B1PPP/R2QKB1R w KQkq - 0 7,a2a3
O-O,r1b1k2r/ppppqppp/2nb1n2/1B2p3/2N5/1P2P3/PBPP1PPP/R2QK1NR b KQkq - 5 6,e8g8
d4,r1bqk2r/1p1pbppp/p1n1pn2/2p5/2P1P3/2N2N2/PP1PBPPP/R1BQ1RK1 w kq - 5 7,d2d4
Ngf3,rnbqk2r/ppp2pbp/4pnp1/3p4/4P3/3P2P1/PPPN1PBP/R1BQK1NR w KQkq - 3 6,g1f3
Bg5,2krb2r/1pp1n2p/pbp1P1p1/5p2/2NN4/2P1B3/PP3PPP/R3R1K1 w - - 0 16,e3g5
Bxa5,3b4/8/7p/R2k1p2/3P1p2/2P2r1P/8/6K1 b - - 0 46,d8a5
cxb6,2r2rk1/pb3ppp/1pn2n2/2P5/1B6/P3PN2/4BPPP/2RR2K1 w - - 1 17,c5b6
Rac8,r4rk1/pp3pp1/1nnqp2p/3pNb2/3P4/1BN4P/PPP2PP1/R2QR1K1 b - - 3 14,a8c8
Qe2,8/3n2k1/p2p1ppp/2nPp3/4P1P1/5R2/P1Q3B1/1rq2NK1 w - - 3 42,c2e2
Qxe4,5rk1/7p/pp1pP3/2p2p2/P1P1n3/4RQrP/1q4B1/5RK1 w - - 0 30,f3e4
g3,5rk1/ppq1npp1/2nNp1r1/2Q1P1Np/7P/8/PP3PP1/2R2RK1 w - - 11 21,g2g3
O-O,r1bq1rk1/pp1n1pp1/2n1p2p/2bpP3/8/2NB1NB1/PPP2PPP/R2QK2R w KQ - 2 10,e1g1
Qb3,bq1rrbk1/5pp1/1pp4p/p2pP3/N2P4/P5P1/1PQ2PBP/2RR2K1 w - - 0 22,c2b3
Qe2,r2qrbk1/1ppb1p1p/p1np1np1/4p3/B3P3/2PP1NNP/PP3PP1/R1BQ1RK1 w - - 1 12,d1e2
axb6,r5k1/p1q1bp1p/1Pp2np1/4p3/2Q1P3/1N5P/1PP1NPP1/3R2K1 b - - 0 21,a7b6
c4,3k3r/1p3p1p/p1bppp2/2r5/4P1P1/3KN2P/PPP2P2/R6R w - - 0 19,c2c4
h3,r1b1kb1r/ppp1pppp/2nq1n2/8/3P4/2N2N2/PPP2PPP/R1BQKB1R w KQkq - 1 6,h2h3
Qc7,rn1qr1k1/1p3pbp/p2p1np1/2pP4/2P2B2/2N2B1P/PP1Q1PP1/R4RK1 b - - 2 13,d8c7
Nc8,r2n1rk1/pp1b2pp/3npp2/RP1p4/3P4/2P2N1P/1P1NBPP1/R5K1 b - - 1 19,d6c8
Nbd7,rnbq1rk1/pp2ppbp/2p2np1/3p4/2P5/1PN1PN2/PB1PBPPP/R2QK2R b KQ - 4 7,b8d7
e4,1R6/6pk/7p/p3p3/P7/2PQ3P/1P4PK/4qr2 b - - 4 32,e5e4
Nxg7,r2qnrk1/p1p2pPp/1p1pp3/8/3PP3/PnPQ4/4N1PP/R1B2RK1 b - - 0 15,e8g7
Na4,2rq1rk1/pb2bppp/2n2n2/2pp4/8/1PN1PN2/PB2BPPP/2RQ1RK1 w - - 0 13,c3a4
Kh2,8/8/p1k5/P1Bb1P2/1P1P4/4R2P/5P2/3r2K1 w - - 5 49,g1h2
Qxd4,r2q2k1/2R2pp1/5r1p/8/p1Rp1Q1P/P2P2P1/5PK1/8 w - - 6 33,f4d4
Rxa2,5rk1/5pp1/7p/8/1b1NN3/4P2P/r1R2PP1/3n2K1 w - - 0 31,c2a2
Qe1,2r3k1/6pp/8/1P2Rp2/3qbP2/8/P1p1Q1PP/2R4K w - - 4 35,e2e1
Be2,rnbq1rk1/ppp1ppbp/3p1np1/8/2PPP3/2N2N2/PP3PPP/R1BQKB1R w KQ - 3 6,f1e2
fxe6,2kr3r/Qnp2pp1/1p2P2p/3pP3/1q1P4/2p1BN2/1b4PP/R4RK1 b - - 0 24,f7e6
Bxc4,3r1r1k/1pq2p1p/4bp2/p7/P1NpPP1N/1nbR4/4R1BP/5QK1 b - - 1 23,e6c4
Nc6,r2q1rk1/1p2nppp/p7/3p4/3P2b1/2NQ1N2/PP3PPP/R3R1K1 b - - 3 14,e7c6
b3,rn1qkb1r/1b1n1p2/p3p1p1/2p3P1/Np2PPQp/7N/PPP3BP/R1B2RK1 w kq - 0 14,b2b3
a6,rn2kb1r/pp2pppp/1q1p1n2/2pP4/4P3/2N2P2/P1PBBP1P/R2QK2R b KQkq - 0 9,a7a6
Nb3,3r1rk1/pp2qppp/1bn2n2/3p4/1P4b1/P3PN2/1B1NBPPP/R2Q1RK1 w - - 9 13,d2b3
Qh8,2kn2Q1/ppp1q3/4bp2/3p2p1/3P3p/2PB3P/PP3PP1/5NK1 w - - 3 25,g8h8
Qxb6,r1br2k1/ppQn1p1p/1q4p1/1N1P4/3pP3/P7/1P2BKPP/2R4R w - - 0 20,c7b6
Bg3,2r1r1k1/3q1pbp/1p1Bb1p1/p7/3P4/Q3P3/P2N1PPP/2R1R1K1 w - - 0 25,d6g3
Bxe3,rnb1k2r/ppP2ppp/8/6B1/8/4qN2/PPP3PP/RN2KB1n w Qkq - 0 11,g5e3
Kb4,1b6/1p4p1/pP2p3/P1PpPk1p/K2P4/2N4P/6P1/8 w - - 1 41,a4b4
Ke3,1R6/5p2/6p1/6P1/3k3P/8/1p4K1/1r6 b - - 16 53,d4e3
Bd5,8/8/8/1PN2kpp/4b3/6K1/8/8 b - - 1 48,e4d5
Ne5,8/8/4p3/r2k1p2/5P2/3PKN2/8/8 w - - 10 47,f3e5
Qxc3,rnbq3r/1p2kpp1/p2pp2p/8/2QN1P2/2n5/PPP3PP/R3KB1R w KQ - 0 12,c4c3
Rfe8,3r1rk1/p5bp/1p2n1q1/2pb1p1Q/5P2/2P1B1N1/PP3N1P/4RRK1 b - - 5 24,f8e8
Na5,r1bq1rk1/pp2ppbp/2np2p1/4n3/3NP3/1BN1BP2/PPPQ2PP/2KR3R b - - 8 11,c6a5
Bg1,rq2rn1k/4pQb1/pn1p2pp/N7/1P1PP3/3B1P1P/6PB/R1R4K w - - 5 29,h2g1
hxg6,2rq1rk1/1b1nppbp/p2p2p1/1p2n1PP/4P3/1NN1B3/PPPQBP2/2KR3R w - - 1 15,h5g6
Bxd4+,3q1rk1/1p2ppbp/p1rp2p1/8/P1nBPP2/1PN5/2P3PP/R2Q1RK1 b - - 0 18,g7d4
Nxc6,r2qk2r/1ppb1pb1/p1np1npp/4p3/BNP1P3/3P1N2/PP3PPP/R1BQK2R w KQkq - 2 10,b4c6
Ne6,8/8/1p3k2/2p1p1np/p1P1P3/P1PK2P1/4N3/8 b - - 1 52,g5e6
Re1,r3kb1r/1bqp1p1p/p1n1pp2/1p6/4P3/1NN3P1/PPP2PBP/R2Q1RK1 w kq - 2 12,f1e1
Bf6,2kr2r1/p3Rpb1/2p5/2pp3p/5pbN/1PP3P1/P1NP1P1P/R5K1 b - - 5 20,g7f6
Qxa7,2b1rqk1/r2n2bp/1pp3p1/4p3/1PN1Pp2/2BP1N1P/2P2PP1/Q3R1K1 w - - 0 20,a1a7
Ne7,1rbqk2r/5ppp/p1np3b/1p1Np2Q/4P3/2PB4/PPN2PP1/R3K2R b KQk - 5 15,c6e7
Bxc6,r3k2r/1b1pbppp/pqn1pn2/p1p1N3/2P5/3P2P1/1P1BPPBP/RN1Q1RK1 w kq - 5 11,g2c6
Bxb4,r1b1kb1r/p2n1ppp/2p1p3/3pP3/NQ6/3B4/PPP2PPP/R1B1R1K1 b kq - 0 13,f8b4
Kf7,2r3k1/pp2p2p/3pbp2/2r4P/3RP3/2P2P2/PP6/1K3B1R b - - 0 20,g8f7
Na3,r1bq1rk1/4bppp/2p1p3/pN2P3/PnRP4/4BN2/1P3PPP/3Q1RK1 w - - 0 15,b5a3
R8e7,4r3/1p4k1/2p1r2p/p2p2pP/P2P1p2/1R1RPP2/1P3KP1/8 b - - 1 35,e8e7
Nc3,r2q1rk1/pp1nppbp/2p2np1/3bN3/3P4/6PB/PP2PP1P/RNBQ1RK1 w - - 2 10,b1c3
Re5,1b2r1k1/p4pp1/6bp/2BB4/6P1/8/5PK1/R7 b - - 0 43,e8e5
Bc5,r4rk1/4pp1p/q5p1/8/p7/4B1P1/5R1P/1Q3RK1 w - - 0 29,e3c5
h3,r1bq1rk1/p4ppp/2pb1n2/3p4/8/P1NBP3/1P1B1PPP/R2QK2R w KQ - 0 12,h2h3
a4,rnbq1rk1/ppp1ppbp/6pn/8/3p1P2/3P1NP1/PPP1P1BP/RNBQ1RK1 w - - 0 7,a2a4
e4,rn1q1rk1/pbp1bppp/1p2p3/3n4/3P4/P1N2N2/1PQBPPPP/R3KB1R w KQ - 4 9,e2e4
Nd7,r3r1k1/1b5p/p4pp1/1pnPp3/PPp1P3/8/2BN1PPP/R4RK1 b - b3 0 22,c5d7
d3,rnq1kb1r/pp3ppp/4pn2/3p1b2/8/1QN2NP1/PP1PPPBP/R1B1K2R w KQkq - 0 8,d2d3
g3,r1b1kbnr/pp3ppp/1q2p3/n2pP3/2pP4/P1P2N2/1P1N1PPP/R1BQKB1R w KQkq - 2 8,g2g3
Rbd1,1r1r1bk1/5ppp/p2pn3/1p6/2q1P1P1/6QP/P2R2BK/BR6 w - - 0 29,b1d1
Rd5+,3R4/8/7r/1k6/3B4/3K4/8/8 w - - 31 64,d8d5
gxf4,1kbr4/p1p2q2/1p1p1pn1/4nNp1/2P1PP2/PPQ1B1P1/1K1RB2r/6R1 b - - 2 28,g5f4
h6,r6k/r5pp/2Q5/8/n2P4/8/5PPP/R5K1 b - - 0 27,h7h6
d6,rnb2rk1/1pqpbppp/p3pn2/6B1/3NP3/2N2Q2/PPP1BPPP/R4RK1 b - - 8 9,d7d6
b8=Q,8/1P6/8/8/4p3/4kp2/2r5/1R3K2 w - - 3 57,b7b8q
h4,8/1r2p1k1/3pbpp1/p5qp/2P1P3/P1Q1P2P/3RBKP1/8 b - - 3 29,h5h4
Qxd4+,r3kb1r/p1p2p2/2p3p1/3pP1Bp/3N4/8/PP2QqbP/R2K3R b kq - 1 18,f2d4
a6,r2qkb1r/pp3pp1/4p3/3p1bPP/5P2/2N1P3/PP2Q3/R1B1K2R b KQkq - 2 19,a7a6
Ke3,8/2p5/4k1p1/1p5p/1P1BPP2/2P2K2/3n2PP/8 w - - 5 35,f3e3
g6,4r1k1/q4ppp/3p4/3P2P1/5P1n/1P1B4/3Q3K/5R2 b - - 0 34,g7g6
exf5,r5k1/1pp2rpp/4b3/p4p2/n2BP3/6P1/1P3PBP/2R2RK1 w - - 0 22,e4f5
bxc3,r1bq1rk1/p1b1n1pp/2n2p2/2pp4/3P3P/2p2NP1/PP3PB1/R1BQRNK1 w - - 0 14,b2c3
Nxd8,3r2k1/3rbppp/b1N2n2/p1p5/N1PpP3/5PB1/P1P3PP/1R3RK1 w - - 1 26,c6d8
c4,r1b2rk1/pp1pbp1p/4n1p1/q1p1P3/4Q3/2PB1N2/P1PB1PPP/R4RK1 w - - 0 14,c3c4
Rd7,8/R1p2kpp/1p3p2/1Pn1p3/4P3/2Br1PP1/1P2K2P/8 b - - 7 34,d3d7
Bxa6,rn1q1rk1/p2pbppp/bp2pn2/8/3P1B2/2P2N1P/PP1N1PP1/R2QKB1R w KQ - 3 9,f1a6
Bd7,1rbqk2r/5ppp/p1np4/3Np1b1/pN2P3/2P5/1P3PPP/R2QKB1R b KQk - 1 14,c8d7
Nd5,r2qrnk1/1b3pbp/pNnp2p1/5pP1/P3P2Q/1N2B2R/1PP3BP/R6K w - - 1 24,b6d5
Qb5,r2r2k1/5pbp/1qp1p1p1/2Bn4/2QPN3/1P6/5PPP/3RR1K1 b - - 7 27,b6b5
Bb2,rnbq1rk1/1p2bppp/p4n2/3p4/3N4/1P4P1/P1P2PBP/RNBQ1RK1 w - - 1 10,c1b2
Qe2,r2q1rk1/pp2bpp1/2p1pn1p/8/2PPQB2/5N1P/PP3PP1/3R1RK1 w - - 3 16,e4e2
Be2,rn2kb1r/pb1p1ppp/1q2pn2/1B6/3P4/5NP1/PPP2P1P/RNBQ1RK1 w kq - 1 8,b5e2
Nbd7,rn1q1rk1/1b3pbp/p4np1/1p1P2B1/2p5/2N2N2/PP3PPP/1BRQ1RK1 b - - 2 14,b8d7
Be6,5rrk/1p1B3p/p2p1npq/P1pPp3/4Pp2/2P2Q2/1P1N1P2/R3RK2 w - - 4 29,d7e6
a3,r1b1k2r/pp2ppbp/1qnp1np1/8/3P1B2/2N1PN2/PPQ2PPP/R3KB1R w KQkq - 0 9,a2a3
Rg1,rnbqkb1r/1p2pppp/p2p1n2/8/3NP3/2N5/PPP2PPP/R1BQKB1R w KQkq - 0 6,h1g1
Nb8,3rrbk1/2qn1ppp/3p1n2/2p5/Np2PP2/1P4PP/2P2QB1/2BRR1K1 b - - 5 21,d7b8
h3,2brr1k1/1p2bppp/p1q1p3/P3P3/4pP2/2P1B1Q1/1P2B1PP/R4R1K w - - 1 19,h2h3
bxc6,r1bqkb1r/1pp2ppp/p1Bp1n2/4p3/4P3/3P1N2/PPP2PPP/RNBQK2R b KQkq - 0 6,b7c6
hxg4,3r2k1/pp2qpp1/2n3b1/3Bp2p/Q5P1/P3B2P/1P2PP2/3R2K1 b - - 4 24,h5g4
e5,2k5/1pp5/3pp3/3P3p/P3P2P/3nQ1P1/2qN3K/8 b - - 2 43,e6e5
Kf6,r6r/pN1bkppp/4p3/3n4/3N4/QP4P1/P4P1P/R3KB1q b Q - 0 16,e7f6
O-O,r1bq1rk1/pppn1pbp/3p2p1/4p2n/2PPP3/2N1BN1P/PP2BPP1/R2QK2R w KQ - 5 9,e1g1
Qb6,rnbqk2r/pp2bp1p/2p1pnpB/8/2PPp3/1QN5/PP3PPP/2KR1BNR b kq - 3 8,d8b6
axb4,r2q1rk1/1bpp2pp/1p2p3/3P1p2/1pP1n3/PQ3NP1/4PPBP/2R2RK1 w - - 0 17,a3b4
b4,r3r1k1/1p1nppb1/p2p1npp/q7/3PP2B/P1NB1Q1P/1P3PP1/R3R1K1 w - - 1 15,b2b4
Qe5,rnb1kb1r/1pqp1ppp/p3p3/8/2PNN3/P7/1P3PPP/R1BQKB1R b KQkq - 0 8,c7e5
Rd5,4r3/p2Qnk1p/4pp2/2r5/1n1Nq3/6P1/P4P1P/3R2K1 b - - 1 30,c5d5
h3,r4r2/1bq3k1/1pn1ppp1/p1p2n2/N1Pp2Pp/PP1P1N2/2Q1PPBP/1R1R2K1 b - - 0 20,h4h3
b3,r1bqkb1r/p2p1ppp/1p2pn2/2n5/8/4PN2/PPP1BPPP/RNBQ1RK1 w kq - 0 7,b2b3
f6,2rr2k1/pb2pp1p/1p4p1/n7/7P/2P1B2P/PP2BP2/R2R2K1 b - - 4 20,f7f6
Qc4+,5n2/1b3kb1/r3p3/p2q4/4B1N1/5P1R/P2pK1P1/1R6 b - - 3 41,d5c4
Nh6,r1b3nr/1p1nq1kp/2pp1pp1/pP2p3/P1PPP3/2N2N2/4BPPP/1RQR2K1 b - - 2 14,g8h6
Kh3,8/5k2/5r1p/4R3/6P1/8/7K/8 w - - 5 53,h2h3
Bg5,r2qk1r1/p1pnnp2/2p1pBp1/7p/3P3P/3B4/PPP1QPP1/R3K2R w KQq - 0 14,f6g5
Bh3,3r1rk1/p1pqn1p1/1pnpb2p/4p3/Q1P1N3/2PP1PP1/P5BP/1RB1R1K1 b - - 0 15,e6h3
Nd4,r2q1rk1/1p1b4/3p2n1/1P1Ppn1p/2N3p1/1Q2N1P1/5PBP/2R1R1K1 b - - 1 27,f5d4
Re8,r1bq1rk1/1pp2pp1/2np1n1p/p1b1p3/2P5/P1NP1NP1/1P2PPBP/1RBQ1RK1 b - - 1 9,f8e8
Qxe4,r2q1rk1/pb1nbppp/1pp1p3/8/2PPn3/3Q1NP1/PP3PBP/R1BR2K1 w - - 0 12,d3e4
Rf3,r6k/pb2prnp/1pqp1p2/5P2/1PP1P2Q/P1B5/5RP1/1BR3K1 w - - 1 26,f2f3
Rh8,4r3/8/1p6/p2pk3/P2N1p2/2P5/1P3PP1/5K2 b - - 1 35,e8h8
h6,r3k2r/2q2ppp/b1p1p3/p2nP1N1/4Q3/P1N5/1P3PPP/R2R2K1 b kq - 0 19,h7h6
Qd6,3rr1k1/pp3pb1/1q5p/2pP1bp1/NnQ5/1P3NP1/P4PP1/2RR1BK1 b - - 4 20,b6d6
Rc4,4r3/pk4p1/1p1Bp2p/4P3/PR1N4/6P1/r2NK2P/8 w - - 4 30,b4c4
Nf3,rnbq1rk1/ppp1ppbp/3p1np1/8/2PP4/2N3P1/PP2PPBP/R1BQK1NR w KQ - 2 6,g1f3
Qe2,r4rk1/1pqnbppp/p2p1n2/2pPp3/P3P3/2PB1N1P/1P1B1PP1/R2QK2R w KQ - 2 12,d1e2
Bc5,r1bqkb1r/2pp1ppp/p1n2n2/1p2p3/4P3/1B1P1N2/PPP2PPP/RNBQK2R b KQkq - 1 6,f8c5
Rxd6,8/3R4/3p1ppk/2pP3p/5P2/3r2P1/5K2/8 w - - 4 37,d7d6
d4,r1bqkb1r/pp3ppp/2n2n2/2pp4/8/2N3P1/PPPPNPBP/R1BQK2R w KQkq - 0 7,d2d4
f5,r1bq1rk1/ppp1ppbp/1nn3p1/8/3PP3/2N1BP2/PP1Q2PP/2KR1BNR b - - 8 9,f7f5
Bg4,rnbq1rk1/pp3ppp/2p2n2/8/1b2Pp2/1BN2Q2/PPPPN1PP/R1B1K2R b KQ - 1 8,c8g4
a6,2r3k1/pp4pp/4b3/1N2pp2/P7/5P1P/1P1r1qP1/RQ4RK b - - 5 26,a7a6
Be3,r1bk1bnr/p5p1/1pn1pp2/2p5/4P2p/1NP2N1P/PP2BPP1/R1B1K2R w KQ - 0 11,c1e3
Rg5,3r1rk1/pp1n1p2/3Np1p1/4P3/6RP/1B6/PPP5/2K5 w - - 1 31,g4g5
Kh2,2r2r1k/pp3p1p/5p2/3q4/3p1n2/1Pn3NP/PBP2PP1/R3RQK1 w - - 2 21,g1h2
Qd6,r2r3k/pb1P1Bp1/1pq4p/8/4NQ2/8/P4PPP/3RR1K1 w - - 1 25,f4d6
dxc3,r2qr1k1/pp3ppp/2n2b2/2P2b2/1P1p4/P1N2NP1/R2BPPBP/3Q1RK1 b - - 0 15,d4c3
Rf7,5r2/1P2Q1kp/6p1/8/3b4/8/5PK1/8 b - - 4 50,f8f7
Be3,r1q2rk1/pppn1pbp/2npb1p1/4p3/4PP2/2PP2P1/PP2QNBP/RNB2RK1 w - - 7 12,c1e3
Qc1,4k2r/3nppb1/3p1np1/1NpP3p/4P2B/5P2/1PPQN1PP/q3K2R w Kk - 1 16,d2c1
Bh3,r1bq1rk1/2p3pp/p1p2p2/2bpP3/5P2/3B1NP1/PPP2P1P/R2QK2R b KQ - 0 12,c8h3
Qe8,r2q1k1r/ppp3pp/5n2/2b1p1B1/3nP1b1/1BNP1N2/PPP3PP/R2QK2R b KQ - 2 10,d8e8
exd6,rnbqkb1r/pp3ppp/3pp3/4P3/3P4/2P5/P4PPP/R1BQKBNR w KQkq - 0 8,e5d6
Ke5,2r5/5k2/p1p2Bp1/P1P3P1/1P2BK2/8/8/8 w - - 0 59,f4e5
Qf5,5b2/p6p/5pqk/8/3Q1p1P/3p1P2/PP3BP1/6K1 b - - 7 37,g6f5
Rad1,2r2rk1/3q2pp/p1n5/1p1ppP2/8/P1PQ2NP/1P4P1/R3R1K1 w - - 0 22,a1d1
Rb1,r1bqrbk1/p6n/1p4pp/2pPp3/1PP1Pp2/P1N5/4BBPP/R2Q1RK1 w - - 1 18,a1b1
Nb3,rnbqkb1r/1p3ppp/p2p1n2/4p3/3NP2P/2N5/PPP2PP1/R1BQKB1R w KQkq - 0 7,d4b3
b6,3r3k/8/7p/1P6/2R5/4p3/P7/4K3 w - - 0 48,b5b6
Rb8,2r2bk1/R1R1p3/5p2/3p4/p2Pb3/4B3/1P3KPP/8 b - - 5 39,c8b8
Kd3,6k1/4r2p/6p1/3P4/1p1PP3/2p1K2P/6P1/4R3 w - - 0 35,e3d3
Rac8,r4rk1/p3bppp/1p2p3/4P3/4RB2/2P5/P4PPP/5RK1 b - - 0 18,a8c8
Qxd8+,r2qkb1r/pp3ppp/2n1bn2/4p3/8/2N1B3/PPN1PPPP/R2QKB1R w KQkq - 6 10,d1d8
Ke2,8/1pRn1pkp/6p1/p2p1P2/P5PP/1r1NPK2/3P4/8 w - - 0 38,f3e2
Bb7,rnbqkb1r/5ppp/p2ppn2/1p6/3NP3/1BN5/PPP2PPP/R1BQ1RK1 b kq - 1 8,c8b7
Bb4,r2qkb1r/ppp2ppp/2n1pn2/3p1b2/2PP1B2/1QN2N2/PP2PPPP/R3KB1R b KQkq - 3 6,f8b4
Be7,rnbqk2r/pp1p1pp1/2p1p3/2bnP2p/2BP4/2N5/PP3PPP/R1BQK1NR b KQkq - 0 9,c5e7
cxd4,rnbq1rk1/pp1pppbp/5np1/2p5/3P1B2/2P1PN1P/PP3PP1/RN1QKB1R b KQ - 0 6,c5d4
N5e6,7r/P1n2R2/2k3p1/2n3P1/2K1P3/8/8/8 b - - 0 42,c5e6
Rxd3,8/7p/4pkp1/p2p1p2/4nP2/1PrR2PP/P1N1K3/8 b - - 4 39,c3d3
cxd5,2rq1rk1/pp3pb1/4b1pp/3n4/2P5/1P1BB2P/P4PP1/R2QR1K1 w - - 0 18,c4d5
Rxe2,2r1r1k1/5p1p/n1p3p1/p1Pp4/8/P2N1PP1/4N1P1/1R3RK1 b - - 0 27,e8e2
Nge2,rnbq1rk1/ppp2ppp/5n2/3B4/1b2Pp2/2N2Q2/PPPP2PP/R1B1K1NR w KQ - 5 7,g1e2
Bxd4,r1bq1rk1/1p1nbpp1/p3p2p/3pP3/3n1P2/P1N1B3/1PPQB1PP/3R1R1K w - - 0 15,e3d4
Qe6+,6k1/2q3p1/5p1p/p1prpQ2/8/P6P/1P1r1PP1/2R1R1K1 w - - 2 39,f5e6
Bxf8,r1b1kb1r/pp2Bp1p/6p1/q2Np3/1pP1P3/5P2/P4P1P/R2QKB1R w KQkq - 1 14,e7f8
Rc8,r2q1rk1/pp2ppbp/2pp1np1/3Pn3/4P3/2N3PP/PPP2PB1/R1BQ1RK1 b - - 3 11,a8c8
Kb3,rnb1k2r/pp5p/3p2p1/2pPp3/2P1n3/2PB1N2/P1K2qPP/R1BQ3R w kq - 2 13,c2b3
Bc7,8/8/1B3b1p/3k2p1/3p2P1/3K1P1P/8/8 w - - 7 53,b6c7
Bc2,r2q1rk1/pb2npp1/1p2p2p/3p4/P2PBn2/2P2N2/1P1N1PPP/R2QR1K1 w - - 0 15,e4c2
O-O,r2q1rk1/3bnpbp/p3pnp1/2Pp4/3P4/2N2NP1/4PPBP/1RBQK2R w K - 0 14,e1g1
Nf6,r1bqk1nr/pp1pppbp/2n3p1/8/3NP3/2N1B3/PPP2PPP/R2QKB1R b KQkq - 3 6,g8f6
c5,r1bq1rk1/ppp1ppbp/n5p1/3n4/3P4/2P2NP1/PP3PBP/RNBQ1RK1 b - - 4 8,c7c5
Nxb2,8/8/6R1/1p1k1p1p/p1n5/2P4P/1P4PK/8 b - - 0 48,c4b2
Bd7,2b5/p3k3/2p2n2/1p2nP2/1P2P1pp/2N1N3/P1P1BK2/8 b - - 1 31,c8d7
Be7,r1bqkb1r/pp3ppp/2n1pn2/2pp4/4P3/3P1NP1/PPPN1PBP/R1BQK2R b KQkq - 2 6,f8e7
O-O,r2qk2r/3nppbp/3p1np1/2pP4/4P3/2N2NPP/PP3P2/R1BQ1K1R b kq - 0 11,e8g8
b5,1r1q1rk1/1p2npbp/p1npp1p1/2p5/2P1PP2/2NP2P1/PP1B2BP/1R1Q1RK1 b - - 1 13,b7b5
Re3,1k6/1p5p/4p3/2P2pp1/5n2/7P/PP3P2/1K2R3 w - - 2 35,e1e3
Bd3,r1bq1rk1/pp2p1bp/2p1pnp1/8/4B3/5N2/PPP2PPP/R1BQR1K1 w - - 1 14,e4d3
Bxg2,1r1q1rk1/Qb2ppbp/1p4p1/2p1P3/5P2/N1PP4/PP4BP/R4RK1 b - - 0 16,b7g2
dxe4,rn3rk1/1p2qppp/2pb1n2/p2p3b/3PP3/PQNB1N1P/1P1B1PP1/2KR3R b - - 0 13,d5e4
cxd4,r1bq1rk1/pp2ppbp/2n3p1/2pn4/3P4/2N1PNP1/PP3PBP/R1BQ1RK1 b - - 2 9,c5d4
Bh5+,4b3/8/1b6/pP6/P1B2k2/4p3/4K3/2B5 b - - 0 49,e8h5
R8f7,5rk1/2pp4/1p2p3/p1b1Pr2/2P2P2/6KP/PP1B4/R3R3 b - - 0 28,f8f7
hxg6,1r6/p3n2p/n2k1pP1/Pp6/1PpNPP2/2P5/2K5/5BR1 b - - 0 28,h7g6
Rb7,2r3k1/r3bpp1/q1n1pnp1/p2p4/P2P1BP1/2PNQ2P/3N1P2/R1R4K b - - 0 22,a7b7
Qe1,r1rq2k1/1p2ppbp/2n1bnp1/1NB5/1P2P3/2N2P2/3QB1PP/1R1R2K1 w - - 1 22,d2e1
Bxe4,8/2p5/1pbb2k1/p7/4R3/2Pr1rPK/PP5P/2B1R3 b - - 0 33,c6e4
e5,8/3p2k1/1r1Ppr1p/p1p2pp1/2B1b3/2P1P1R1/PP1R1KPP/8 b - - 3 30,e6e5
a4,Q7/5pkp/3q2p1/2pP4/1p6/1Pn2N1P/P3rPP1/5RK1 w - - 5 29,a2a4
Qxg5+,2r2rk1/1p3pB1/p3p1b1/6P1/P4q2/1B3P2/4Q1K1/3R3R b - - 0 27,f4g5
Rae1,r2qr1k1/pp2bppb/2n1pn1p/2pp4/4PN2/1P1P2P1/PBPNQPBP/R4RK1 w - - 4 12,a1e1
Be2,rnbq1rk1/ppp1ppbp/3p1np1/8/3P1B2/4PN1P/PPP2PP1/RN1QKB1R w KQ - 1 6,f1e2
Bxe4,4r1k1/1b3ppp/p7/1p2qP2/2ppN3/PP3Q2/2P3PP/4RB1K b - - 0 24,b7e4
Nxd3,2r1r1k1/1bq1n1bp/p2p2p1/1pn2p2/5P2/P1PB1N1P/1P3NP1/R1BQR1K1 b - - 0 22,c5d3
Rc8,5rk1/pp1bp2p/3p1np1/q3n3/3NP3/2P1QP2/P1P3P1/2KR1B1R b - - 1 16,f8c8
Qe8,r2q1rk1/1p1bbppp/3pn3/p3p1P1/Pn2P2P/1NN1BB2/1PP1QP2/1K1R3R b - - 4 16,d8e8
Ra1,1r4k1/r2q1pbp/4p1p1/1p6/4N3/1Q1PP1P1/5PBP/1R4K1 b - - 0 25,a7a1
Be6,r1b1k2r/ppp1bpp1/2n2n1p/4p3/4P3/2P2PP1/PP3NBP/RNBK3R b kq - 1 10,c8e6
f4,8/3R1pkp/4pb2/p5r1/4K2p/2p2P2/P1R3P1/8 w - - 3 39,f3f4
R6d7,2br2k1/2R2pb1/1p1r1q2/1PpP1pp1/2Q5/3NP1P1/5PB1/3R2K1 b - - 3 32,d6d7
Rxe2,4r1k1/1p1q1pp1/p1p2n2/P2p1Pp1/1P4P1/2PB1P2/4RQKP/8 b - - 5 30,e8e2
Bb7,r1bqkb1r/2pp1ppp/p1n2n2/1p2p3/4P3/1B3N2/PPPP1PPP/RNBQ1RK1 b kq - 1 6,c8b7
O-O,r2qk2r/pp1n1ppp/2p1pn2/b2p4/2PP4/P1NQPN2/1P1B1PPP/R4RK1 b kq - 0 10,e8g8
e4,rn1qk2r/pb1pppbp/1p3np1/2pP4/2P5/2N1PN2/PP3PPP/R1BQKB1R w KQkq - 1 7,e3e4
Kb8,2kr2nr/ppp1qppp/2n5/4P3/Q1Pp2b1/P4N2/1P1NPPPP/R3KB1R b KQ - 3 9,c8b8
Bd2,r1bqkb1r/pp2pppp/2n5/3p3n/3P1B2/2N2N2/PP2PPPP/R2QKB1R w KQkq - 5 7,f4d2
Ne7,r1bqkb1r/pppn1ppp/2n1p3/3pP3/6Q1/1P3N2/PBPP1PPP/RN2KB1R b KQkq - 4 6,c6e7
fxe6+,7r/pp1bbk2/4p3/n2p1P2/3P4/2N5/PP3PPP/R3K2R w KQ - 0 20,f5e6
gxh5,8/2k4p/4p1p1/p2pP2P/P5P1/3K4/8/1n6 b - - 1 38,g6h5
Rd3,1kr4r/pp3p2/4p1b1/4Pp1p/5N1P/2P3P1/P4P2/R2R2K1 w - - 1 26,d1d3
Nc6,r1bqkb1r/1p1pnppp/p3p3/4P3/2PQ4/P4N2/1P3PPP/R1B1KB1R b KQkq - 0 10,e7c6
Rxa8,r4rk1/1b1n1ppp/3q1n2/3P4/Rp2P3/3B4/1B1N1PPP/3Q1RK1 w - - 1 20,a4a8
Kxf6,1q6/pPb3k1/B2p1Pp1/3Pp3/4KP1p/7P/8/B7 b - - 0 46,g7f6
Nxf4+,2r1kb1r/N4ppp/p3p3/1pn4n/5B2/P1N3P1/1PP3KP/R4R2 b k - 1 18,h5f4
a4,r1bq1rk1/pp1nbppp/2pp1n2/4p3/2BPP3/2N2N2/PPP2PPP/R1BQR1K1 w - - 0 8,a2a4
Qc7,1r1q1k1r/pb1pbpp1/4p3/2pnP3/2B1N3/1P3QPp/PBP2P1P/R2R2K1 b - - 1 16,d8c7
Kd3,6k1/p4p1p/3b1p2/8/3P4/6P1/P3KP1P/3B4 w - - 3 33,e2d3
Kd4,8/5r2/R7/1pppk1p1/8/PP4K1/2P2P2/8 b - - 0 39,e5d4
e4,r1bqr1k1/ppp2ppp/2np1n2/4p3/1bP5/1PN1PN1P/PBQP1PP1/R3KB1R b KQ - 2 8,e5e4
Rac8,r2rb1k1/1pq1bppp/p2ppn2/8/2PQP3/1PN3PP/PB3PB1/2RR2K1 b - - 0 15,a8c8
exf3,r1bq1rk1/ppn1b1pp/2pp1n2/5pB1/2PPp3/2N1PP1N/PP2B1PP/R2Q1RK1 b - - 0 11,e4f3
Nd3,r1b1k1nr/1p5p/2p2p2/p1p3p1/P3PN2/N7/1PP2PPP/R2R2K1 w kq - 0 14,f4d3
Rxd5,5rk1/p4ppp/8/3b4/8/6P1/P1r1PP1P/1R1R2K1 w - - 0 25,d1d5
Ng5,2q3rk/3bb2n/1p1p1npB/2pPp2p/2P1P3/2N2NPP/1P1Q2BK/5R2 w - - 10 26,f3g5
Rac1,r6r/3nkp2/1qp1p1p1/p2pPn1p/3P3P/5NN1/PP1Q1PP1/R4RK1 w - - 0 18,a1c1
Bxe5,r2qk2r/pp1n1ppp/2p1pn2/4b3/2P1P3/PP3Q1P/1B1N1PP1/R3KB1R w KQkq - 1 12,b2e5
Kf1,5k2/1p2bpp1/p3pn1p/8/8/2PB1P2/PP3BPP/6K1 w - - 3 28,g1f1
Nxc1,r1b2rk1/2p1qn1p/1p1p1pp1/PQ1Pp3/2P1P3/3n1N1P/3N1PP1/R1R3K1 b - - 1 21,d3c1
Rxd6,2brr1k1/1pq2pbp/p1pN1np1/2P1p3/1P1nP3/2N3PP/P4PB1/1RBQR1K1 b - - 10 19,d8d6
Qe3,4r3/2qb1r1k/pn2p1p1/1p1pPp1p/5P1P/1PPB4/P3QBP1/2R3RK w - - 1 32,e2e3
Bd3,1r1qr1k1/R2b2b1/3p1n1p/2pP2p1/4B3/5N1P/1PQ2PP1/2B1R1K1 w - - 2 24,e4d3
Kc5,1r3r2/1p1P4/pNp2kp1/P4p1p/1PK2P2/3R2PP/8/8 w - - 3 47,c4c5
Bd6,r1bq1rk1/pp3ppp/2n1pn2/2bp4/1P6/2PBPN2/P2N1PPP/R1BQ1RK1 b - - 0 9,c5d6
Nxc5,2kr3r/pp3ppp/2n5/2B2b2/2P1n3/5N2/PP1N1PPP/R1K2B1R b - - 0 12,e4c5
Ncd3+,1k5r/1pp2ppp/8/p1n1P3/PnP1P3/R5PB/1P3K1P/2R5 b - - 0 22,c5d3
Nge2,rnbq1rk1/pp2bppp/2p2n2/3p2B1/3P4/2NBP3/PP3PPP/R2QK1NR w KQ - 0 8,g1e2
Nd2,r3k2r/p1pb1ppp/2p5/2bpP3/3Nn2q/4B3/PPP2PPP/RN1Q1RK1 w kq - 0 11,b1d2
O-O,rn2kb1r/ppp2ppp/8/3p4/3P4/5N2/PPP2PPP/R1B1K2R w KQkq - 0 11,e1g1
Qxa2,4r1k1/p4pbp/3p2p1/1P6/4N3/qb2Q1P1/P4PBP/2B3K1 b - - 0 23,a3a2
Bf6,b1r3k1/B4pb1/3np1p1/4n2p/4PN1P/PR3P2/4BKP1/8 b - - 0 30,g7f6
Qc7,rn1qkb1r/1b3ppp/p2ppn2/1p6/3NP3/2N3P1/PPP2PBP/R1BQR1K1 b kq - 1 9,d8c7
e5,r5k1/4p1bp/5pp1/P2p4/3P4/2B4P/r4PP1/2R2RK1 b - - 0 25,e7e5
Qe2,r2q1rk1/pbpnbppp/1p2pn2/3p2B1/3P4/2PBPN2/PP1N1PPP/R2Q1RK1 w - - 1 9,d1e2
Bc4,r1bqkb1r/1p1n1ppp/p2p1n2/4p3/4PP2/2N2N2/PPP3PP/R1BQKB1R w KQkq - 2 8,f1c4
Rfe8,2r2r2/p4pkb/1p3n1p/3pp1pP/6P1/1N1P1B2/PPP3P1/1K2RR2 b - - 3 25,f8e8
Kd4,6Bb/7P/8/1pppk3/8/8/2K5/8 b - - 3 58,e5d4
Kh2,2k5/pp3p2/1n1Qp3/3pPp2/2pP1P2/5q1K/2B5/R7 w - - 0 37,h3h2
Kg7,r5k1/5p2/4p2p/pR6/1p6/5P1P/P1B2PK1/8 b - - 1 33,g8g7
h4,r1bqk2r/pppnbpp1/4pn1p/8/4p1P1/1PN5/PBPPQP1P/2KR1BNR w kq - 0 8,h2h4
Rd3,8/8/4P1kp/8/3B4/7r/6K1/8 b - - 5 46,h3d3
Bg2,rnbqk1nr/ppp1ppbp/3p2p1/3P4/4P3/2N3P1/PPP2P1P/R1BQKBNR w KQkq - 1 6,f1g2
Nb7,r2n1rk1/3pq1pp/1p1bp3/pP3p2/2P1b3/PQB1PNP1/5PBP/3RR1K1 b - - 2 19,d8b7
b5,1rbqk1nr/pp2ppbp/2np2p1/2p5/4P3/2NP2P1/PPP1NPBP/R1BQ1RK1 b k - 3 7,b7b5
e4,rnbqkb1r/pp3ppp/3p1n2/2pP4/8/2N5/PP2PPPP/R1BQKBNR w KQkq - 0 6,e2e4
Ng5,r1bq1rk1/3n1ppp/3Qp3/ppp1P3/1n3B2/5NP1/PPP2PBP/R4RK1 w - - 0 14,f3g5
axb4,2rqk2r/5pp1/2bp1b1p/p3p3/1p2P3/PQ2N3/1PP2PPP/R1BR2K1 w k - 1 18,a3b4
Bxd4,r2q1rk1/pb1pppbp/1p3np1/8/2PnP3/2N1BP2/PP2B1PP/R2Q1RK1 w - - 0 11,e3d4
Bd2,rn1qk2r/p1pp1ppp/bp2pn2/8/1bPP4/1P3NP1/P3PP1P/RNBQKB1R w KQkq - 1 6,c1d2
c3,rnbqkb1r/pp1n1ppp/4p3/2ppP3/3P4/3B4/PPPN1PPP/R1BQK1NR w KQkq - 0 6,c2c3
Be7,1rb1kb1r/2q2pp1/p1nppn2/1p5p/4P2P/PNN1B1Q1/1PP1BPP1/R4RK1 b k - 0 13,f8e7
Nc3,r1b1k1nr/ppq2pbp/2p3p1/2p1p3/4P3/3P1N2/PPP2PPP/RNBQR1K1 w kq - 1 8,b1c3
Nh8,1rb2rk1/ppq1b3/3p1nnQ/2p1p3/4P3/2NP1NP1/PPP3BP/R4RK1 b - - 0 16,g6h8
axb5,1rbq1rk1/4npbp/p1n1p1p1/1ppp4/P3PP2/1B1P1N2/1PP1N1PP/R1BQ1R1K w - - 0 12,a4b5
exf4,r3rbk1/1p5b/1q3n2/p1p1p1pp/2PpPP2/PP1P1P1B/QBRN3P/5RK1 b - - 0 27,e5f4
f6,2kr1b1r/pp1n1p2/2p5/q3p2p/6bP/2P2NB1/PP2BPP1/R2Q1RK1 b - - 1 13,f7f6
Nd2,rn1qk2r/pb2bppp/1p2pn2/2pp4/4P3/3P1PP1/PPP2NBP/RNBQ1RK1 w kq - 0 9,b1d2
Ne5,3q1rk1/1pp1bpp1/1rb1pn1p/p7/P2P4/2N2NP1/1PQ1PPBP/R2R2K1 w - - 0 16,f3e5
a5,rnbq1rk1/ppp2pbp/3p1np1/3Pp3/2P1P3/2N2N2/PP2BPPP/R1BQK2R b KQ - 0 7,a7a5
Rh1,8/8/8/3kp3/8/3KR3/7r/8 b - - 7 58,h2h1
Nbd2,rn2k2r/pp1qppbp/3p1np1/2p5/P3P3/3P1N2/1PP2PPP/RNBQ1RK1 w kq - 0 8,b1d2
Bd3,rnb1kb1r/pp3ppp/1q2p3/2ppP3/3Pn3/5NN1/PPP2PPP/R1BQKB1R w KQkq - 0 8,f1d3
Bb3,r1bq1rk1/ppp1bppp/1n3n2/8/2BP4/2N2N2/PP3PPP/R1BQ1RK1 w - - 3 10,c4b3
Rad8,r4rk1/pb2q1pp/1pnbpn2/2p5/2P5/PP1B1N2/1BQN1PPP/R3K2R b KQ - 2 14,a8d8
Bc4,r1bqk2r/pp1p1ppp/3p1nn1/8/3PP3/2N5/PP3PPP/R1BQKB1R w KQkq - 0 9,f1c4
O-O,r1bqk2r/p1pp1ppp/2p2n2/8/1b2P3/2NB4/PPP2PPP/R1BQK2R b KQkq - 1 7,e8g8
Bb7,rnbqkbnr/2p2ppp/p3p3/1p6/2pPP3/2N2N2/PP2BPPP/R1BQK2R b KQkq - 1 6,c8b7
Nd4,r2qkbnr/pp1b1ppp/2n5/1BpN4/5P2/5N2/PPPP2PP/R1BQK2R b KQkq - 0 7,c6d4
Rc1,6k1/pbq2p2/1p2pQp1/6P1/3PP3/2r2B2/P4PK1/3R4 b - - 3 32,c3c1
Nc3,r1bqk1nr/pp3pbp/2p3p1/2p1p3/4P3/3P1N1P/PPP2PP1/RNBQK2R w KQkq - 0 7,b1c3
Rh8,r1b2r2/1pp3k1/n2p2p1/p2PppNn/2P5/2N4P/PPB2PP1/R3R1K1 b - - 3 18,f8h8
Ra8,1R3bk1/r4p1p/r1p3p1/q1Pp4/3Pp2P/2N1P3/2Q2PP1/1R4K1 b - - 0 27,a7a8
a5,r4rk1/pp1nqpp1/2p2n1p/3p4/3P4/P1NQPNP1/1P3PP1/R4RK1 b - - 0 14,a7a5
Nf4,2r2rk1/1pqnbpp1/p2p2np/P2Pp3/2P1P3/3BBN1P/5PP1/1R1R1QK1 b - - 8 26,g6f4
Nd4,r1bqk2r/pp2pp1p/2n3p1/2pP4/4P2P/8/P2B1PP1/Q3KBNR b Kkq - 0 11,c6d4
Nc5,r2q1rk1/3n1ppp/1p1p4/p2Pp3/1nP1P3/R1N3PP/1P1Q1PB1/5RK1 b - - 0 17,d7c5
Ne5,4rrk1/1p1b2pp/p1nqpn2/3p4/3P1N2/3B1NP1/PP3P1P/2RQR1K1 w - - 2 17,f3e5
g4,r4r2/1p4k1/3p3p/2pPqpp1/p1Pp4/P2Q1PP1/1PB2PK1/7R w - - 2 26,g3g4
Kf7,6k1/pp5p/3q1N2/3P2p1/4p3/P1Q1P1Pb/8/6K1 b - - 0 28,g8f7
Qg7,2r1rnk1/pb2q2p/1p2p1pQ/2pp1p2/3P1P2/P1PBPN1R/1P4PP/5RK1 b - - 3 23,e7g7
Nc6,rn1qkbnr/1b1p1ppp/p3p3/1p6/3NP3/2NB4/PPP2PPP/R1BQ1RK1 b kq - 3 7,b8c6
g5,2kr1br1/4p2p/b2qpn1P/p1ppN3/3p1QP1/8/PPP2P2/RNB1K2R w KQ - 3 18,g4g5
b5,rq3rk1/1p1nppbp/p5p1/2pPpP2/P7/2NP3P/1P2Q1P1/2BR1RK1 b - - 0 18,b7b5
b4,8/1k1q4/8/1p5Q/r2P3P/4P1P1/5PK1/8 b - - 0 49,b5b4
gxf3+,1k4rr/1q1nb3/p3p2p/2p1P3/PB4p1/1P1P1NP1/4QPK1/2R1RN2 b - - 0 25,g4f3
g5,5k2/p7/6R1/5K2/5PP1/1B3r2/P4b2/8 w - - 1 51,g4g5
Kd2,2b5/2n4p/2pk1pp1/pp2p3/P3P3/1PNN3P/2P1KPP1/8 w - - 7 29,e2d2
Kh8,1r1q1rk1/1b1n1pbp/3p2p1/1p2p3/2PpPPP1/1P1P3P/4NBB1/1R1Q1RK1 b - - 0 19,g8h8
h3,r2q1rk1/ppp1ppbp/2np1np1/8/2PP2b1/2N2NP1/PP2PPBP/R1BQ1RK1 w - - 4 8,h2h3
Bd3,r2q1rk1/1pp2ppp/1nn1p3/pB2Pb2/Pb1P4/2N1BN2/1PP3PP/R2Q1RK1 w - - 4 12,b5d3
f3,r1b1r1k1/pp5p/2p3p1/4n3/2PN4/4P3/PP3PP1/1BR2RK1 w - - 1 20,f2f3
e3,6k1/5p1b/2p2p1p/p4P2/Pb2p2N/1P4P1/2P1R2P/3r1BK1 b - - 3 26,e4e3
Be3,5rk1/6bp/p5p1/3qnp2/2rBp3/7P/P5P1/1R1QNR1K w - - 0 25,d4e3
Nxg5,r2q1rk1/pbpnppb1/1p1p3p/6pn/2PP4/2N1PNB1/PPQ1BPPP/R4RK1 w - - 2 12,f3g5
Bxc6+,r1bqk1nr/1pp1ppbp/p1np2p1/1B6/3PPP2/2N5/PPP3PP/R1BQK1NR w KQkq - 0 6,b5c6
Be3,r1b1kb1r/ppp1qppp/2np4/8/8/2P2N2/PPP1QPPP/R1B1KB1R w KQkq - 1 8,c1e3
a4,rnbq1rk1/pp2ppbp/2p2np1/8/2pP4/2N2NP1/PP2PPBP/R1BQ1RK1 w - - 0 8,a2a4
Kg6,8/1r4k1/3RBn2/3p2p1/3P1p1n/5P1K/5P1B/8 b - - 16 44,g7g6
Qc7+,8/k7/p1pQ4/P7/6qp/8/6PK/8 w - - 0 61,d6c7
Na7,r1b2rk1/3p1pp1/pqn3np/1p1P4/8/P4NP1/BP2QP1P/2RR2K1 b - - 0 21,c6a7
Re1,r2qr1k1/pp4pp/1bn2pn1/3p3b/8/1NP2NBP/PP2BPP1/R2Q1RK1 w - - 3 16,f1e1
Bxc5,r3r3/1ppn3k/5p1p/pPpP1Pp1/P2Bp3/4P1K1/5PP1/2R4R w - - 0 38,d4c5
Bd4,4r1k1/1q3ppp/1P2bn2/2Bp4/8/1Q2PP2/6PP/1RR3K1 w - - 1 29,c5d4
Qxf4+,2r2rk1/5pp1/7p/pp6/3p1PqP/3P4/PPP1R3/R2Q1K2 b - - 2 26,g4f4
Ne1,8/8/p4k2/p1pP2p1/2PbKpP1/1P1N4/8/8 w - - 4 51,d3e1
c5,rnbq1rk1/ppp1ppbp/3p1np1/6B1/2PP4/2N1PN2/PP3PPP/R2QKB1R b KQ - 0 6,c7c5
a6,rnb2rk1/pp1pppbp/1q3np1/2p5/3P1B2/2N1PN2/PPP2PPP/R2QKB1R b KQ - 2 7,a7a6
Bxf8,r3kq2/pp1b1p1p/1bn1p2B/3p4/3P4/1N3N2/PP3PPP/R3K2R w KQq - 0 15,h6f8
Be5,2rq2k1/p2b2p1/1p2pn1p/3p4/3P1B1b/2PQ1P2/P1B1RP2/1R4K1 w - - 6 25,f4e5
h3,r2q1rk1/ppp1bpp1/2bp1n1p/8/3QPB2/2N2N2/PPP2PPP/2KR3R w - - 2 11,h2h3
Kc1,5bk1/5p2/2q1p1p1/3p2Pp/2pP3P/r1P2P2/1RQ5/1K5R w - - 2 36,b1c1
Nd5,1r2r1k1/1b2Ppbp/2q2Bp1/1pp1p3/8/2N5/1PP1N1PP/R2Q1RK1 w - - 1 21,c3d5
Rxd3,7n/pp2k1pp/8/3p3P/8/3p2P1/P4PK1/3R4 w - - 2 26,d1d3
Bd6,7r/2b1k1pp/4p3/5p2/2rP3P/3R1B2/P4PP1/3R2K1 b - - 1 31,c7d6
Kf3,8/8/R6p/1pk5/8/1P2n3/P1P3KP/8 w - - 1 28,g2f3
Rxb2,8/p5bp/4kpp1/2B1p3/P3P3/2K2nP1/1p3N1P/1R6 w - - 0 35,b1b2
g4+,2R5/p3qb2/1p3N1p/3p1k2/3Bp2P/1P2P3/P5P1/6K1 w - - 1 33,g2g4
Nxc5,8/3r1k2/4N1p1/npp1Pp1p/5P1P/1PP1K3/8/6R1 w - - 8 44,e6c5
Ng5,8/8/5k2/5b2/4nR1p/7P/7K/8 b - - 9 65,e4g5
Kc2,8/3k1pp1/3P1n2/1p6/1p3B2/7P/1P1K1PP1/8 w - - 4 39,d2c2
Rd8,4r3/1bq2Bk1/p5p1/4p1N1/p3Pnn1/6N1/1P1Q1PP1/4R1K1 b - - 0 30,e8d8
b5,r1bqkb1r/1p1ppp1p/p4np1/n7/Q3P3/2N2N2/PPP1BPPP/R1B1K2R b KQkq - 3 8,b7b5
dxe5,r1bqrbk1/1p6/pR1p2pp/P2PN3/4pn2/4B2P/B1P2PP1/4RQK1 b - - 0 25,d6e5
Ne4,r3kbr1/3n1p2/ppqppn2/7p/P2P3N/1QP1PNB1/5PP1/R4RK1 b q - 0 21,f6e4
Kc2,8/ppk2rpp/3p4/3np3/8/2PPb1B1/PP1K2nP/R2Q3R w - - 2 23,d2c2
b4,r2q1rk1/1b1n1ppp/p3pn2/1pb5/P7/2NBPN2/1P2QPPP/R1BR2K1 b - - 0 12,b5b4
Qd6,1r4k1/4npp1/1r2p2p/3p4/3P1qPP/N1P2P2/4RQK1/5R2 b - - 6 39,f4d6
c2,8/PR6/3p4/8/4Pp2/2p1kP2/8/2KB3r b - - 2 46,c3c2
Re2,2kr1b1r/ppq2ppp/2p1p3/2n1P3/2P5/1B1nB1QP/PP3PP1/RN2R1K1 w - - 3 15,e1e2
Bxe3,r2r4/p4kpp/qbp1p3/4Pp2/5P2/2Q1BK2/PP4PP/R2R4 b - - 7 20,b6e3
cxd4,r2r2k1/1p3pbp/1p1Bbnp1/2p5/2PNP3/2N5/PP2BPPP/3RR1K1 b - - 0 16,c5d4
Bb8,2rq1r1k/pp4pp/2n2n2/3p2B1/8/PQNB4/1P3PPb/R4R1K b - - 1 17,h2b8
Bg3,r1bq1rk1/pp3ppp/2nbpn2/2ppN3/3P1B2/2P1P3/PP1N1PPP/R2QKB1R w KQ - 3 8,f4g3
b6,6b1/1pq3rk/3R2p1/1P3p1p/p2Qp2P/P3N1P1/4PPK1/8 w - - 2 33,b5b6
Rc1,r2qr1k1/pb1n1ppp/3b1n2/2pp4/8/1P1BPN2/PB1N1PPP/R2Q1RK1 w - - 2 13,a1c1
g5,5R2/p7/2p2pp1/2k5/5PP1/6r1/4K3/8 w - - 1 56,g4g5
Nd3,1b4k1/pb3p1p/1p4p1/1N2n3/1P2p3/P3P2P/1B3PP1/5BK1 b - - 3 25,e5d3
Nbc3,rnbq1rk1/1p2ppbp/p2p1np1/2pP4/2P1P3/6P1/PP2NPBP/RNBQK2R w KQ - 0 8,b1c3
Nb8,5k1r/3nqn2/1p1p1ppr/pNpPp3/P1P1P2P/1P3N2/1K3P2/5QRR b - - 1 26,d7b8
Qxh5,r4rk1/1p4pp/2pbp3/3pp1qQ/3PP3/pPP1P1N1/P5PP/1K2R2R b - - 2 20,g5h5
Qxb2,2r3k1/pp2bpp1/4p1b1/P2pP2p/3N1P2/6P1/1P3N1P/2qQR1K1 b - - 1 25,c1b2
Rxe1,4rk2/ppp2pb1/3p3p/8/3P1P2/2P3Pp/PP1N3P/4R1NK b - - 0 31,e8e1
h3+,8/8/1p6/pBp3k1/4p2p/4Pr2/1R3PK1/8 b - - 7 46,h4h3
c6,r2qkb1r/1ppn1ppp/p3bn2/3p2B1/3P4/2NBPN2/PP3PPP/R2QK2R b KQkq - 2 8,c7c6
Rc8,3R4/8/5pp1/4pk1p/2n4P/6P1/5PK1/8 w - - 8 58,d8c8
dxc5,r6k/1pq3pp/1np2p2/2bn4/P2P4/1Q3N1P/1P1B1PP1/R5K1 w - - 0 25,d4c5
Bg5,rnbqkb1r/1p2pppp/p2p1n2/8/3NP3/2N5/PPP2PPP/R1BQKB1R w KQkq - 0 6,c1g5
Rd3,br1r2k1/4b1pp/p1n2p2/2p5/2NpPP2/PP3BP1/1B3K1P/2RR4 w - - 3 30,d1d3
O-O-O,r3k2r/pbpqbp1p/1p2p1p1/n2pP3/3P1P2/2PB1N2/PP4PP/R2QBRK1 b kq - 3 13,e8c8
Qe1+,r3k2r/1bq2ppp/p1N5/P2p4/3N1P2/8/1PP2P1P/R2Q2K1 w kq - 0 20,d1e1
Bg5,r3k1r1/1pp2pnN/p3pBp1/1q1pPn2/3P2R1/2P4P/PP1Q4/1K1R4 w q - 5 24,f6g5
Nc6,1N4k1/1br2p1p/1p6/2p1PP2/2Pn1K2/p7/P7/8 b - - 0 46,d4c6
Qxd5,rnbqk2r/pp2ppbp/6p1/2pN4/3P4/5NP1/PP2PP1P/R1BQKB1R b KQkq - 0 7,d8d5
axb4,3K4/3P2p1/5k2/5P2/1p5R/P1r4p/8/8 w - - 0 53,a3b4
Nge7,r1b1kbnr/1pqp1ppp/p1n1p3/8/2B1P3/2N2N2/PP2QPPP/R1B2RK1 b kq - 3 8,g8e7
g4,2rqr1k1/pb3pp1/1ppb1n1p/3pN3/3P1P2/2N1P3/PPQ3PP/1B1R1RK1 w - - 1 18,g2g4
dxc5,rnbq1rk1/pp2ppbp/5np1/2pp4/2PP1B2/2N1PN2/PP3PPP/R2QKB1R w KQ - 0 7,d4c5
Kh1,1rbqk2r/2p1ppbp/p1pp1np1/8/3PPP2/2N2N2/PPP3PP/R1BQ1RK1 w k - 4 9,g1h1
Rxb4,8/p4p1k/1r4p1/q7/PrR3P1/1PR1P2P/2Q5/K7 w - - 0 36,c4b4
Rxf3,3r1rk1/1Q6/6p1/2Pp4/3P3q/1R3p2/5PP1/5RK1 w - - 0 29,b3f3
Re8,6K1/6P1/8/3k4/4R3/4p2r/8/8 w - - 1 55,e4e8
Bg6,rn1qkb1r/pp1n1ppp/2p1p3/3pP2b/3P4/2N4P/PPP1BPPN/R1BQK2R b KQkq - 2 8,h5g6
Rb4,6k1/1p3p1p/6p1/r7/P7/1R3P2/6PP/6K1 w - - 1 39,b3b4
Nc5,3q1rk1/1p1nbppb/p2p3p/P3p3/6P1/2P1N2P/2P2P2/R2QRBK1 b - - 0 21,d7c5
Na3,r1bqkb1r/1p3ppp/p1np1n2/1N2p1B1/4P3/2N5/PPP2PPP/R2QKB1R w KQkq - 0 8,b5a3
Nd7,1nk1rr2/p1p5/1p4R1/8/3P3P/2P5/q1BB1PQ1/3K4 b - - 0 27,b8d7
Rb6,1r1b1r1k/p4ppp/b2Np3/3qP3/3P2Q1/3pB3/1P3PPP/R2R2K1 b - - 5 22,b8b6
O-O,r1bqr1k1/pp1nbppp/2p2n2/3p2B1/3P4/2NBPN2/PPQ2PPP/R3K2R w KQ - 6 10,e1g1
Bd3,r1b1r1k1/4q1pp/2p2p2/p1Pp4/1P1Qn3/P3P3/1B3PPP/R3KB1R w KQ - 0 17,f1d3
Nde2,rnbqkb1r/1p3ppp/p2p1n2/4p3/3NP3/2N4P/PPP2PP1/R1BQKB1R w KQkq - 0 7,d4e2
Bd2,rn2k1nr/p2b1pp1/7p/1p6/1bpNP3/2N5/1P3PPP/R1B1KB1R w KQ - 2 13,c1d2
f4,8/r4pk1/4p2p/p2p2pP/Nn1P2P1/1PR1PPK1/8/8 w - - 5 52,f3f4
Qf4,r7/ppp1bpk1/2n1b2p/3q4/3pN3/5N2/PPPQ1PPP/R3R1K1 w - - 2 16,d2f4
b4,1rb1k2r/2q1bpp1/2nppn2/1pp3Bp/4PP2/2NP2PP/1PPQN1B1/R4RK1 b k - 0 13,b5b4
Bxf6,r1b1k2r/pppqb1p1/2np1n2/4pPBp/8/1QPP2PP/PP3PB1/RN2K1NR w KQkq - 2 10,g5f6
Bxb7,2B5/1p2kb2/5p1p/Pp1p2pP/3N1PP1/4PK2/n7/8 w - - 0 43,c8b7
Rc8,r4k1r/1bqnbp2/pp1pp1p1/8/4PP2/1PN2B1P/1PP1QBP1/3R1RK1 b - - 1 19,a8c8
Ra5,r7/3kb2R/1pp5/2P1K3/p2p4/1n6/8/8 b - - 0 43,a8a5
exd5,r1b1k2r/pp3ppp/1qn1p3/3B4/1b6/1NN3P1/PPP2P1P/R1BQK2R b KQkq - 0 10,e6d5
Qg4,3r1rk1/pp3p1p/2p3p1/5n2/5P2/1BQ2Rq1/PP4P1/2R3K1 b - - 2 24,g3g4
Nb6,r7/r2nqpnk/p2p1b1p/2pPp1p1/N1P1P1P1/PR2N1P1/2QB1PK1/1R6 w - - 7 34,a4b6
Nb3,rnbqkb1r/1p3ppp/p2p1n2/4p3/3NP2P/2N5/PPP2PP1/R1BQKB1R w KQkq - 0 7,d4b3
Na6,r2qk2r/1p2bppp/3p1n2/p2Pp3/1nP5/PN2B3/1P2BPPP/R2Q1RK1 b kq - 0 13,b4a6
Bg6,r2qkb1r/1p1n1ppp/p1p1pn2/2Pp1b2/3P3N/2N1P3/PP2BPPP/R1BQK2R b KQkq - 1 8,f5g6
Bc4,rnbqkb1r/1p2pppp/p2p1n2/8/3NP3/2N5/PPP2PPP/R1BQKB1R w KQkq - 0 6,f1c4
Ndf3,r2q1rk1/p2b2b1/1p2pnBp/2pp2pP/3P4/2P5/PP1N1PPN/1R1QR1K1 w - - 2 18,d2f3
Rf8,r5k1/p3b1pp/2p3r1/3pp3/8/7P/PPP1NPP1/R2R2K1 b - - 1 18,a8f8
Kb8,2kr3r/Nb3p2/n1p1pq2/8/2pP4/6P1/PP3PBP/R2QK2R b KQ - 0 16,c8b8
Nf6,r1bq1rk1/p2nnpbp/1p1p2p1/1N1Pp3/1P2P3/P2B1N2/3B1PPP/R2QK2R b KQ - 1 13,d7f6
Kxg7,r2q1rk1/pp1nppBp/2bp2p1/8/4P3/2N2B1P/PPPQ1PP1/R4RK1 b - - 0 13,g8g7
dxc5,r1b2rk1/ppp1qppp/2np1n2/2P1p3/3PP3/2PB1N2/P1Q2PPP/R1B2RK1 b - - 0 10,d6c5
Kh7,2R1N1k1/P4pp1/4p3/3bn3/5p2/4p1b1/4B1P1/7K b - - 3 36,g8h7
Nh4+,r2qr3/1p1nb1pp/2p2nk1/p3p3/2QPP1b1/1PN2N2/PB3PPP/R4RK1 w - - 2 15,f3h4
dxc5,rnbqkb1r/pp1n1ppp/4p3/2ppP3/3P4/2N2N2/PPP2PPP/R1BQKB1R w KQkq - 0 6,d4c5
Rc2,1r4k1/5pp1/3Np2p/R3P3/5P2/2P1n2P/Pr4P1/6RK b - - 0 31,b2c2
Bf4,r4rk1/ppqn1pp1/2pb1n1p/7b/2PP4/2NBBN1P/PP3PP1/R2QR1K1 b - - 1 13,d6f4
